Sample ID,Depth(m),Age (Ma),Xlf,Ampl  46,d13Cc,d13Cc_std,d18Oc,d18Oc_std,d13Cc_n,d18Oc_n,Cal%,d13Co,d13Co_std,Temperature,Temperature_std,d13Ca,d13Ca_std,aAl,aFe,aSi,fFe,aAl_std,aFe_std,aSi_std,fFe_std,aAl_sem,aFe_sem,aSi_sem,fFe_sem,aAl_n,aFe_n,aSi_n,fFe_n,n_measurements_max,aFe/aSi,aFe/aSi_std,aFe/aAl,aFe/aAl_std,aSi/aAl,aSi/aAl_std,aFe/fFe,aFe/fFe_std,aSi/fFe,aSi/fFe_std,aAl/fFe,aAl/fFe_std,D,D_std,R,R_std,R_90_low,R_90_high,Xlf_std,Sz_mean,Sz_std,Sz_90_low,Sz_90_high,CO2_mean,CO2_std,CO2_90_low,CO2_90_high
FT_164,8.2,2.221833333,69.0,5054,-2.789125186,0.026058908,-8.972990257,0.038745322,6,6,0.156167609,-24.495,0.077781746,19.9,3.2,-6.606750021,0.210625633,0.1015,0.068025,0.0790275,1.12784,0.003535534,3.54e-05,0.011352599,0.013237039,0.0025,2.5e-05,0.0080275,0.00936,2,2,2,2,2,0.860776312,0.123654583,0.670197044,0.023347469,0.778596059,0.115089394,0.060314406,0.000708582,0.070069779,0.010099328,0.089995035,0.003307946,40.89133333,0.091522311,1.5476905182665734,0.2340629804159745,1.2068139279952117,1.9647873096232915,0.0,416.17908637896505,13.336389617727912,394.2407254578026,438.1174473001275,644.1164258895694,99.57487197639989,480.3157614883916,807.9170902907472
FT_187,9.35,2.589826923,60.0,7155,-2.376150776,0.023010143,-8.837826317,0.024790455,6,6,0.08862869,-22.49076428,1.154590643,19.9,3.2,-6.414512824,0.209761515,0.1055,0.0738425,0.0744075,1.1456,0.010606602,0.00870802,0.003666349,0.028849957,0.0075,0.0061575,0.0025925,0.0204,2,2,2,2,2,0.992406679,0.126836723,0.69992891,0.108464938,0.70528436,0.078965106,0.06445749,0.007772665,0.064950681,0.003594136,0.09209148,0.0095446,33.76066667,0.330151985,1.3191250353829067,0.3059149285452595,0.8527599296319578,1.8519505611591875,0.0,417.0641126234386,11.651126965684242,397.898008764888,436.23021648198915,550.159712321334,128.50851271217408,338.76320890980764,761.5562157328604
FT_199,9.95,2.625134615,75.98039216,10801,-2.193495428,0.0223398,-8.265504528,0.044112357,6,6,0.051933859,-22.83474794,1.021453883,19.9,3.2,-6.413528858,0.211246201,0.11,0.0877125,0.072135,1.36765,0.0,0.0018208,0.00443356,0.051689506,0.0,0.0012875,0.003135,0.03655,2,2,2,2,2,1.215949262,0.078882211,0.797386364,0.016552727,0.655772727,0.040305087,0.064133733,0.002765452,0.052743758,0.003805597,0.080429935,0.003039801,32.82366667,0.094579772,1.462242457945351,0.3115275486049401,0.9932347932400984,2.008557308579682,0.0,423.21380357086497,14.688088847910269,399.05189741605255,447.3757097256774,618.8411923698626,133.5806799996081,399.10097377050727,838.5814109692179
FT_207,10.35,2.648673077,28.71287129,7420,-2.623635441,0.021311186,-8.623830634,0.023172541,6,6,0.238051561,-23.06407038,0.93269604,19.9,3.2,-6.153105771,0.211044541,0.062,0.0341775,0.039835,0.93695,0.004242641,0.000251023,0.00966615,0.058053467,0.003,0.0001775,0.006835,0.04105,2,2,2,2,2,0.857976654,0.208287408,0.55125,0.037938524,0.6425,0.161986371,0.0364774,0.002275965,0.042515609,0.010647622,0.066172154,0.006108543,39.08333333,0.175972536,1.2602627900370464,0.2529080782750281,0.8753089333794537,1.7013575870504123,0.0,323.77820093424685,27.442515367999867,278.6352631538871,368.9211387146066,408.04561886256937,88.89006776784309,261.8214573844675,554.2697803406712
FT_213,10.65,2.666326923,26.5,7908,-2.322878568,0.026237378,-8.578666667,0.072610376,6,6,0.154506538,-23.23606221,0.86612766,19.9,3.2,-6.316317309,0.210284662,0.06558,0.051633125,0.0456015,1.04,0.0,0.0,0.0,0.0,0.0,0.0,0.0,0.0,2,2,2,2,2,1.132268127,0.0,0.78733036,0.0,0.695356816,0.0,0.049647236,0.0,0.043847596,0.0,0.063057692,0.0,31.49133333,0.161339187,1.4505080848982983,0.2798752559697476,1.0298726110927148,1.942915309939248,0.0,296.5430854582898,0.7751865242050623,295.26790362597245,297.81826729060714,430.13814297793635,83.00268836208863,293.59872062230056,566.6775653335721
FT_216,10.8,2.675153846,27.47747748,6295,-2.580638105,0.050649449,-8.529999193,0.055237668,6,6,0.158683825,-23.32205812,0.83284347,19.9,3.2,-6.351115381,0.209726444,0.0715,0.0445625,0.04999,1.02169,0.000707107,0.002032932,0.002814285,0.070300556,0.0005,0.0014375,0.00199,0.04971,2,2,2,2,2,0.891428286,0.064593272,0.623251748,0.02909304,0.699160839,0.039963338,0.043616459,0.003600861,0.048928736,0.004349955,0.069982089,0.004864817,32.10233333,0.107983023,1.3658565654175687,0.2598120931993148,0.9743008254009066,1.8203360340029544,0.0,299.5274474895463,8.068754011184241,286.25434714114823,312.8005478379444,409.1115306763629,78.59734310247745,279.8189012727875,538.4041600799383
FT_232,11.6,2.722230769,81.77570093,6562,-2.097326723,0.030487702,-7.665162507,0.028301355,6,6,0.03293647,-23.54657378,0.657208078,19.9,3.2,-6.361243596,0.210852623,0.132,0.1017725,0.1012275,1.51818,0.004242641,0.005978588,0.008163548,0.070173277,0.003,0.0042275,0.0057725,0.04962,2,2,2,2,2,1.005383912,0.100310095,0.771003788,0.051628416,0.766875,0.066575895,0.067035859,0.005010859,0.066676876,0.006197786,0.086946212,0.004894947,20.022,0.211575046,1.630280457535359,0.28924172320116,1.20511754500869,2.141774961464461,0.0,427.23175428432575,3.8714552614428115,420.86321037925234,433.60029818939915,696.5075798482846,123.73432662508111,492.96461255002623,900.0505471465431
FT_241,12.05,2.748711538,141.2621359,8844,-5.290920648,0.017221111,-8.528666667,0.042758235,6,6,0.032700448,-22.80951234,0.565346739,19.9,3.2,-6.507817289,0.212570143,0.16756,0.15,0.101733,1.99,0.0,0.0,0.0,0.0,0.0,0.0,0.0,0.0,2,2,2,2,2,1.474447819,0.0,0.895201719,0.0,0.60714371,0.0,0.075376884,0.0,0.051122111,0.0,0.084201005,0.0,20.026,0.169008876,0.5580212126142068,0.125784297135043,0.3618841819155046,0.7747011410058381,0.0,790.069366682463,1.3842102750343652,787.7923407800315,792.3463925848946,440.8754660454864,99.38132174564188,277.3931917739055,604.3577403170673
FT_265,13.25,2.819326923,81.0,7640,-3.999369827,0.045758788,-8.536166899,0.026453103,6,6,0.237480368,-22.95649756,0.645020691,19.8159699,3.17479097,-6.065961538,0.209828735,0.104,0.06383,0.08092,1.09644,0.0,0.00165463,0.001527351,0.021156635,0.0,0.00117,0.00108,0.01496,2,2,2,2,2,0.788803757,0.025293829,0.61375,0.015909903,0.778076923,0.014686064,0.05821568,0.001881276,0.073802488,0.0019921,0.094852432,0.001830249,19.48166667,0.215370224,0.811683336640449,0.1578477167572869,0.5669292823092934,1.0852344080016778,0.0,430.16381693537323,0.41344428272132344,429.4837010902967,430.8439327804498,349.156802232095,67.90120561718038,237.45931899183327,460.85428547235676
FT_275,13.75,2.84875,60.45454545,6190,-3.6641556,0.021200629,-8.814,0.046963816,6,6,0.178438807,-22.78659722,0.642551191,19.68804348,3.136413043,-6.054791667,0.211182877,0.10228,0.06800125,0.064628875,1.22,0.0,0.0,0.0,0.0,0.0,0.0,0.0,0.0,2,2,2,2,2,1.052180624,0.0,0.664853833,0.0,0.631881844,0.0,0.05573873,0.0,0.052974488,0.0,0.083836066,0.0,22.97266667,0.020231988,0.8654896718962808,0.1653677047304279,0.6098754218670442,1.1517545851069744,0.0,431.0210745222328,8.753886504564434e-12,431.02107452221844,431.0210745222472,373.0442883686297,71.27696578418436,255.7936796536464,490.29489708361297
FT_285,14.25,2.878173077,79.20792079,9491,-3.672891036,0.020143651,-8.826335029,0.095878395,6,6,0.171196895,-22.59524344,0.667340966,19.56011706,3.098035117,-6.232860577,0.210647066,0.1195,0.0784925,0.0935525,1.30493,0.003535534,0.003546141,0.000781353,0.042242559,0.0025,0.0025075,0.0005525,0.02987,2,2,2,2,2,0.839020871,0.038547648,0.656841004,0.035471809,0.782866109,0.024067132,0.060150736,0.00334309,0.071691585,0.002396764,0.091575793,0.004016045,21.013,0.08606393,0.855228479302459,0.1698568165239256,0.5933775993329296,1.14792553666695,0.0,430.52201623031976,3.658622013055609,424.5035830188433,436.5404494417962,368.194689246885,73.19400933340698,247.7905438934305,488.5988346003395
FT_291,14.55,2.895826923,83.16831683,7513,-3.814482623,0.013995237,-9.371,0.029353024,6,6,0.176255855,-22.39695687,0.581806285,19.4833612,3.075008361,-6.22853205,0.210572052,0.11306,0.068675,0.074,1.2175,0.0,0.0,0.0,0.0,0.0,0.0,0.0,0.0,2,2,2,2,2,0.928040541,0.0,0.607420838,0.0,0.654519724,0.0,0.056406571,0.0,0.060780287,0.0,0.092862423,0.0,22.844,0.15478695,0.7878179374155986,0.1561851892923891,0.546493326940301,1.0593821921768731,0.0,452.9958324563865,1.2636734969061334,450.9170895539759,455.07457535879706,356.8782423836525,70.75824367637622,240.4809315360136,473.2755532312914
FT_303,15.15,2.931134615,72.0,6887,-2.641958008,0.028498538,-8.970169088,0.034591425,6,6,0.17524728,-22.24281135,0.445024501,19.3298495,3.02895485,-6.099621795,0.210624659,0.1075,0.0671725,0.085785,1.17606,0.009192388,0.006827116,0.010203551,0.02423962,0.0065,0.0048275,0.007215,0.01714,2,2,2,2,2,0.783033164,0.122507282,0.624860465,0.082995612,0.798,0.116899697,0.057116559,0.005923237,0.072942707,0.008805341,0.091406901,0.008040103,23.77033333,0.203573901,1.083104272953415,0.1906083123814122,0.7970366151950766,1.4182567219929645,0.0,417.8894002218434,10.300195431342383,400.9455787372852,434.8332217064016,452.6177950022184,80.43066385411555,320.3093529621983,584.9262370422384
FT_313,15.65,2.960557692,52.47524752,8302,-2.637198708,0.018938497,-9.001166667,0.039504008,6,6,0.151883148,-22.29747438,0.400593602,19.20192308,2.990576923,-6.191850955,0.209768822,0.0813,0.059875625,0.062168625,1.0625,0.0,0.0,0.0,0.0,0.0,0.0,0.0,0.0,2,2,2,2,2,0.963116443,0.0,0.736477552,0.0,0.764681734,0.0,0.056353529,0.0,0.058511647,0.0,0.076517647,0.0,26.21533333,0.334470228,1.1036059046331903,0.1884897652087789,0.8177462543316492,1.4348842331173095,0.0,369.84113198326804,22.57279911524668,332.70887743868724,406.97338652784885,408.15885703295766,74.0286597254764,286.381711784549,529.9360022813663
FT_324,16.2,2.992923077,54.12844037,8471,-3.268917279,0.049446604,-8.72533452,0.023140153,6,6,0.116689064,-22.35760371,0.351719613,19.06120401,2.948361204,-6.321999999,0.211604707,0.107,0.0682425,0.0873575,1.23396,0.001414214,0.00248548,0.002322846,0.043331504,0.001,0.0017575,0.0016425,0.03064,2,2,2,2,2,0.781186504,0.035227483,0.637780374,0.024710995,0.816425234,0.024242769,0.055303657,0.002797967,0.070794434,0.003118295,0.086712697,0.003253527,29.422,0.316600695,0.9266960888050084,0.16011395792615,0.6838263529073689,1.2070538645327622,0.0,372.75794661386556,4.604316927725449e-12,372.757946613858,372.7579466138731,345.4333311980553,59.68375018077053,247.2535621506878,443.61310024542286
FT_339,16.95,3.037057692,91.66666667,5602,-4.587561857,0.035134029,-9.875391014,0.037771683,6,6,0.093098911,-22.40333988,0.385538971,19.16214285,2.940329669,-6.431144222,0.209726444,0.14722,0.12611125,0.103319875,1.5875,0.0,0.0,0.0,0.0,0.0,0.0,0.0,0.0,2,2,2,2,2,1.220590424,0.0,0.856617647,0.0,0.701805971,0.0,0.079440157,0.0,0.065083386,0.0,0.092737008,0.0,19.38533333,0.048500859,0.6231375247993319,0.1222128752050237,0.4332679740615749,0.8343802069034975,0.0,497.6506362904893,2.3458297272707003,493.79174638912895,501.5095261918496,310.1047857128681,60.83687923508111,210.02811937115965,410.18145205457654
FT_341,17.05,3.043181818,92.57425743,9127,-4.5693328,0.015148157,-9.559005391,0.102958244,6,6,0.123151299,-22.38645842,0.454592049,19.38961038,2.975324674,-6.503863637,0.210693562,0.1435,0.0934625,0.1138875,1.54188,0.014849242,0.012073848,0.011472808,0.024494179,0.0105,0.0085375,0.0081125,0.01732,2,2,2,2,2,0.820656349,0.134439026,0.65130662,0.10780332,0.793641115,0.114614724,0.060615936,0.007889587,0.073862752,0.007532741,0.093068202,0.009743434,19.16333333,0.247421368,0.6359391890371867,0.129100247988679,0.4359443235692891,0.8588569119586422,0.0,471.19643986019497,24.745534711459563,430.490035259844,511.90284446054596,299.6522818419019,62.83409192850099,196.2902006195178,403.01436306428604
FT_359,17.95,3.100454545,65.0,8563,-3.202421599,0.022473688,-8.875335277,0.031614343,6,6,0.179188693,-22.25627588,0.611735483,21.50801435,3.301555022,-6.175340909,0.209795524,0.1245,0.0831825,0.094695,1.29452,0.016263456,0.011055615,0.008916617,0.032922892,0.0115,0.0078175,0.006305,0.02328,2,2,2,2,2,0.878425471,0.143080638,0.66813253,0.124510868,0.76060241,0.122479699,0.064257408,0.008695272,0.073150666,0.007134792,0.096174644,0.012799199,19.70866667,0.073364387,1.0019213254432762,0.1990010238659941,0.702240641961716,1.3508378403641217,0.0,427.6873507916929,9.563467302037218,411.9554470798417,443.4192545035441,428.5090773805363,85.64789174819022,287.6182954547634,569.3998593063093
FT_365,18.25,3.119166667,100.9803922,6591,-3.198513192,0.048975164,-9.296103252,0.019772877,6,6,0.118446184,-22.10376357,0.545577528,21.8379386,3.365570177,-6.189375,0.212639311,0.15614,0.10970375,0.092565,1.465,0.0,0.0,0.0,0.0,0.0,0.0,0.0,0.0,2,2,2,2,2,1.185153676,0.0,0.702598629,0.0,0.592833355,0.0,0.074883106,0.0,0.0631843,0.0,0.106580205,0.0,19.31833333,0.071121961,0.9935964295753096,0.1979422923084011,0.6965201554195605,1.3415559926730964,0.0,548.9842967502561,2.4807061918487516,544.903535064665,553.0650584358473,545.4688371439668,108.69516043170692,366.66529823380887,724.2723760541246
FT_370,18.5,3.134444444,103.4653465,7938,-3.284005929,0.037130401,-9.425093105,0.036853313,6,6,0.120264414,-21.96892628,0.498541737,22.10730993,3.417836256,-6.24777779,0.210401891,0.15965,0.08516,0.08428775,1.455,0.0,0.0,0.0,0.0,0.0,0.0,0.0,0.0,2,2,2,2,2,1.010348479,0.0,0.533416849,0.0,0.527953335,0.0,0.05852921,0.0,0.057929725,0.0,0.109725086,0.0,16.85933333,0.071458613,0.964492753840417,0.1950983117749284,0.6711785269065655,1.3076693037379905,0.0,565.3212339084002,9.663381206337363e-12,565.3212339083843,565.3212339084162,545.2482336967755,110.29321834604829,363.8158895175261,726.6805778760249
FT_375,18.75,3.149722222,99.53271028,8802,-2.995814683,0.017731328,-9.084912999,0.047391982,6,6,0.210885962,-21.83408899,0.451505943,22.37668128,3.470102338,-6.060972223,0.212723742,0.114,0.065,0.0895,1.26722,0.026870058,0.0,0.004949747,0.011568267,0.019,0.0,0.0035,0.00818,2,2,2,2,2,0.726256983,0.040165236,0.570175439,0.13439164,0.785087719,0.190072537,0.051293382,0.00046825,0.070627042,0.003958844,0.089960701,0.021219838,16.912,0.759717711,1.015634946423739,0.2006286415085198,0.7169473649355044,1.370470708535842,0.0,473.5654466859181,32.64551890081043,419.86356809408494,527.2673252777513,480.9696170729865,100.62984807932759,315.4335169824926,646.5057171634804
FT_391,19.55,3.198611111,92.12962963,9008,-2.985648545,0.015432649,-8.583652971,0.038944405,6,6,0.141956328,-23.03258855,0.485208648,23.23866959,3.637353801,-6.05351852,0.210415963,0.12,0.0645,0.087,1.27679,0.033941125,0.00212132,0.004242641,0.016701862,0.024,0.0015,0.003,0.01181,2,2,2,2,2,0.74137931,0.043607897,0.5375,0.153052279,0.725,0.20808652,0.050517313,0.001788043,0.068139631,0.003440368,0.093985699,0.026611585,19.133,0.133988806,1.2539838901110554,0.2319219174987868,0.913759597016324,1.66650967654153,0.0,451.47946079422735,52.63180785194275,364.9001368777815,538.0587847106732,566.1479705519869,123.77272525601887,362.5418375058358,769.7541035981379
FT_405,20.25,3.2585,76.88679245,5801,-3.80283711,0.021200629,-9.001015977,0.027048105,6,6,0.140478967,-22.94518988,0.569272624,24.29460526,3.842236842,-6.08775,0.209726444,0.15161,0.075085,0.0829405,1.4375,0.0,0.0,0.0,0.0,0.0,0.0,0.0,0.0,2,2,2,2,2,0.905287525,0.0,0.495250973,0.0,0.547064837,0.0,0.052233043,0.0,0.057697739,0.0,0.105467826,0.0,17.465,0.20340354,1.0138194350399403,0.2034587597085367,0.7112357436817193,1.373134230556181,0.0,475.71521586316453,11.27957927161079,457.16030796136477,494.2701237649643,482.28933138629674,97.46163052412024,321.96494917411894,642.6137135984745
FT_406,20.3,3.264,75.74257426,7138,-3.797439689,0.013063945,-8.913104791,0.064427996,6,6,0.138337809,-22.9365503,0.577003879,24.39157895,3.861052632,-6.183,0.210942249,0.1245,0.068,0.091,1.35718,0.030405592,0.004242641,0.0,0.025484128,0.0215,0.003,0.0,0.01802,2,2,2,2,2,0.747252747,0.046622425,0.546184739,0.137674239,0.730923695,0.178507368,0.050103892,0.003264575,0.067050797,0.001259031,0.091734331,0.022469628,19.52933333,0.166163574,1.034399673817671,0.2106212405356233,0.7228300459015269,1.4054048671040411,0.0,447.2395336184519,50.82897121142459,363.62587597565846,530.8531912612453,462.62442769329397,107.87808432005608,285.1649789868017,640.0838763997863
FT_415,20.75,3.3135,75.0,7051,-3.703277916,0.011794066,-9.090412195,0.03434385,6,6,0.121607449,-22.85879412,0.646585181,25.26434211,4.030394737,-6.1275,0.209726444,0.1165,0.0755525,0.10471,1.37951,0.010606602,0.005023994,0.005246732,0.020209112,0.0075,0.0035525,0.00371,0.01429,2,2,2,2,2,0.721540445,0.060076866,0.648519313,0.073115444,0.898798283,0.093404606,0.054767635,0.003729198,0.075903763,0.003962544,0.084450276,0.00778757,21.14633333,0.063319297,1.0766977453156756,0.2295840710973532,0.7397716947988497,1.4832654027647556,0.0,468.4785394286062,19.805150123304383,435.8990674757705,501.05801138144193,504.40978713156113,109.64872586495538,324.0376330837095,684.7819411794128
FT_424,21.2,3.355,73.18181818,7373,-3.830604632,0.045971368,-9.14740386,0.026853305,6,6,0.137435715,-22.90231429,0.763189505,25.99605263,4.172368421,-6.191652893,0.21135924,0.123,0.08372,0.1121175,1.45204,0.018384776,0.009503515,0.018550946,0.016913994,0.013,0.00672,0.0131175,0.01196,2,2,2,2,2,0.746716614,0.14983298,0.680650407,0.127750232,0.91152439,0.203247795,0.057656814,0.006579309,0.077213782,0.012807403,0.08470841,0.012699733,16.25033333,0.822254421,1.082463796811201,0.2445037102749069,0.7214698243936327,1.5160810156208515,0.0,484.55326128425554,18.99615361827511,453.304588582193,515.8019339863181,524.5113629670052,120.24626720796937,326.70625340989557,722.3164725241148
FT_433,21.65,3.3925,60.55045872,8133,-3.854270069,0.010616026,-9.275385144,0.014124447,6,6,0.160097785,-22.96428625,0.927394519,26.65723684,4.300657895,-6.194132231,0.213808435,0.1225,0.084585,0.110935,1.48826,0.016263456,0.009312596,0.015464425,0.012360227,0.0115,0.006585,0.010935,0.00874,2,2,2,2,2,0.762473521,0.135441643,0.690489796,0.11909187,0.905591837,0.174331876,0.056834827,0.00627515,0.074540067,0.010409368,0.082310887,0.010949193,18.953,0.190031576,1.1119001651988127,0.2671987060585865,0.7178027044022413,1.5848064036618987,0.0,456.7210276702278,12.822895181940819,435.62736509593515,477.8146902445204,507.8281861162978,122.86533609451536,305.71470824082,709.9416639917756
FT_443,22.15,3.434166667,70.75471698,10086,-3.097855077,0.03107035,-9.471089486,0.057492318,6,6,0.123992098,-21.89286124,0.758102602,27.39188597,4.443201756,-6.196887052,0.216529763,0.15482,0.088,0.11,1.4975,0.0,0.0,0.0,0.0,0.0,0.0,0.0,0.0,2,2,2,2,2,0.8,0.0,0.568402015,0.0,0.710502519,0.0,0.058764608,0.0,0.07345576,0.0,0.103385643,0.0,18.58233333,0.603663262,1.2458546032392466,0.3166387702052134,0.7963616539439379,1.817975482121716,0.0,483.89414206033575,0.14546625550841777,483.6548500700244,484.1334340506471,602.8617443663752,153.21975323171037,350.81525030021163,854.9082384325388
FT_451,22.55,3.4675,72.81553398,7255,-3.284133033,0.018672618,-9.153402983,0.018382056,6,6,0.138061769,-21.44727,0.869955067,27.97960526,4.557236842,-6.199090909,0.218706825,0.132,0.0837275,0.1240475,1.4893,0.021213203,0.009514122,0.022694592,0.007495332,0.015,0.0067275,0.0160475,0.0053,2,2,2,2,2,0.67496322,0.145365252,0.634299242,0.124843681,0.939753788,0.228840081,0.056219365,0.006394581,0.083292486,0.015244194,0.088632243,0.014250724,17.73766667,0.091571466,1.1221777301974134,0.3114991657325651,0.6768434340764342,1.677459258408199,0.0,491.28272391643316,32.777711908086204,437.36338782763136,545.202060005235,551.3065320097454,157.3925030297283,292.3958645258424,810.2171994936484
FT_461,23.05,3.509166667,55.5,6061,-2.950483706,0.02911815,-9.430862407,0.031931176,6,6,0.200772979,-22.94976291,0.789571581,19.54722212,3.627777767,-6.20184573,0.221428153,0.112,0.072,0.0865,1.35136,0.0,0.001414214,0.003535534,0.049836886,0.0,0.001,0.0025,0.03524,2,2,2,2,2,0.832369942,0.037746145,0.642857143,0.012626907,0.772321429,0.031567267,0.053279659,0.002226215,0.06400959,0.003523834,0.08287947,0.003056517,18.60466667,0.248966531,1.122913402916312,0.2306960372911073,0.7756063639377507,1.5265071518998907,0.0,455.421760270889,0.028617356208358685,455.3746847199263,455.46883582185177,511.3991985879208,105.06400030500227,338.56891808619207,684.2294790896495
FT_470,23.5,3.546666667,77.5,9422,-4.111756687,0.019514097,-8.89127465,0.037638633,6,6,0.152663548,-22.10173197,0.575387638,19.61428572,3.626190476,-6.204325069,0.223877348,0.134,0.090625,0.1201675,1.50683,0.002828427,0.002298097,0.000236881,0.0047659,0.002,0.001625,0.0001675,0.00337,2,2,2,2,2,0.754155658,0.01918181,0.67630597,0.022313767,0.896772388,0.019011138,0.060142816,0.001536938,0.079748545,0.000297212,0.088928413,0.001898027,20.33833333,0.200335552,0.6799881913553077,0.1546418069099251,0.4439990384771647,0.9497600480879634,0.0,426.9707805232435,8.01492205937393e-12,426.9707805232303,426.9707805232567,290.3350888095644,66.02753299785543,181.71979702809222,398.9503805910366
FT_479,23.95,3.588823529,81.5,9031,-4.439467063,0.015065413,-9.234382883,0.010557778,6,6,0.096761171,-21.82701683,0.741671492,19.97563025,3.656302521,-6.207112299,0.226630691,0.1585,0.09843,0.162265,1.63616,0.00212132,0.002022325,0.007445834,0.011087434,0.0015,0.00143,0.005265,0.00784,2,2,2,2,2,0.606600314,0.030497801,0.621009464,0.015227463,1.023753943,0.048934258,0.060159153,0.001301513,0.099174286,0.004600155,0.096873166,0.001453243,20.348,0.20711591,0.5836817813288881,0.1565260219851779,0.3418265926245084,0.8533377513651664,0.0,500.51945354849187,6.481489479719894,489.85740335435264,511.1815037426311,292.14408623694544,78.43560652144829,163.117513509163,421.17065896472786
FT_481,24.05,3.606470588,74.0,13859,-3.842958446,0.010745542,-9.12778316,0.054623865,6,6,0.079457872,-21.83184371,0.665612651,20.12689075,3.668907563,-6.208279047,0.227783253,0.15383,0.08786125,0.088795,1.615,0.0,0.0,0.0,0.0,0.0,0.0,0.0,0.0,2,2,2,2,2,0.989484205,0.0,0.571158097,0.0,0.577228109,0.0,0.054403251,0.0,0.054981424,0.0,0.095250774,0.0,28.946,0.229187696,0.7204718792723341,0.171223118125878,0.459673167639486,1.018388704051105,0.0,552.0956943048099,33.88621986559673,496.35286262590324,607.8385259837165,397.76942241395045,97.63329341837975,237.16265474071577,558.3761900871851
FT_488,24.4,3.668235294,79.04761905,9711,-3.886600577,0.01492202,-8.808187847,0.03772223,6,6,0.097919748,-21.55775814,0.61081336,20.65630252,3.71302521,-6.212362664,0.231817221,0.158,0.1102975,0.1456375,1.64607,0.002828427,0.000993485,0.01645791,0.101441539,0.002,0.0007025,0.0116375,0.07173,2,2,2,2,2,0.757342717,0.0858557,0.698085443,0.013989488,0.921756329,0.105462846,0.067006567,0.004173255,0.088475885,0.01138839,0.095986197,0.006159807,17.691,0.118823398,0.6879748269313453,0.1681050660806295,0.4328980786802281,0.9813345661679778,0.0,433.2982695502137,3.648935528899078,427.2957706051747,439.3007684952527,298.09830200345965,72.88288072066769,178.2059632179613,417.990640788958
FT_495,24.75,3.73,80.5,8120,-4.200428078,0.046119049,-9.255606438,0.018980692,6,6,0.11860312,-22.17386455,0.874849211,21.18571429,3.757142857,-6.216446281,0.235851189,0.15879,0.11,0.12,1.805,0.0,0.0,0.0,0.0,0.0,0.0,0.0,0.0,2,2,2,2,2,0.916666667,0.0,0.692738837,0.0,0.755715095,0.0,0.060941828,0.0,0.066481994,0.0,0.087972299,0.0,17.598,0.044395946,0.7150312115961699,0.1866866749754398,0.4295668432786356,1.0371827129187592,0.0,484.76067538857484,10.602315427550305,467.3198665102546,502.2014842668951,346.6190130572703,90.81533060733396,197.22779420820595,496.01023190633464
FT_505,25.25,3.818235294,69.90291262,7718,-4.690982146,0.021322914,-9.343223462,0.026925205,6,6,0.108590323,-22.51064303,0.627673212,21.55882353,3.754621849,-6.222280019,0.241614001,0.152,0.110455,0.15697,1.72694,0.002828427,0.000770746,0.002786001,0.019318157,0.002,0.000545,0.00197,0.01366,2,2,2,2,2,0.703669491,0.013419715,0.726677632,0.014441551,1.032697368,0.026556067,0.063959952,0.000843267,0.090894878,0.001906948,0.088016955,0.001910991,17.95266667,0.081002058,0.6600690997762974,0.1542767055756311,0.4243896832728523,0.9286963333494564,0.0,470.35228016980136,10.18016545320158,453.60590799928474,487.098652340318,310.4650061494096,72.87486107686215,190.58585967797137,430.3441526208478
FT_511,25.55,3.871176471,88.57142857,8051,-5.10967392,0.021257156,-9.487233048,0.044368532,6,6,0.116961976,-23.25891767,0.837437423,21.29411765,3.669537814,-6.225780263,0.245071688,0.1415,0.11025,0.1293575,1.83595,0.014849242,0.013081475,0.016061931,0.082943625,0.0105,0.00925,0.0113575,0.05865,2,2,2,2,2,0.852289199,0.146375393,0.779151943,0.123419351,0.914187279,0.148622753,0.060050655,0.007624187,0.070458073,0.009309654,0.077071816,0.008805688,17.88933333,0.05101307,0.6610376635219645,0.158914419359369,0.4142018045421879,0.9332279138199132,0.0,460.8553079406887,25.146116961879518,419.4899455383969,502.2206703429805,304.6427159828083,75.09927636451091,181.10440636318782,428.18102560242875
FT_517,25.85,3.924117647,84.13461538,7601,-4.857325454,0.015126136,-9.655577587,0.048689835,6,6,0.137003948,-23.31679282,0.807763809,21.02941177,3.584453782,-6.229280506,0.248529375,0.1415,0.1107875,0.1347275,1.86924,0.009192388,0.009598975,0.009514122,0.0050346,0.0065,0.0067875,0.0067275,0.00356,2,2,2,2,2,0.822307992,0.091914261,0.78295053,0.084787921,0.952137809,0.091361276,0.05926874,0.005137709,0.072076084,0.005093535,0.075699215,0.004921939,19.62333333,0.190615669,0.7133240636158077,0.1623675048859019,0.4616336799221367,0.994809507821473,0.0,460.7461824896743,13.355865051688793,438.77578447964623,482.7165804997024,328.661339189005,75.41440245348329,204.60464715302498,452.718031224985
FT_519,25.95,3.941764706,107.7669903,9214,-4.831323895,0.018676188,-9.499900558,0.070590132,6,6,0.092423872,-23.42530926,0.704343014,20.94117647,3.556092437,-6.230447253,0.249681937,0.1505,0.1205825,0.1341275,1.94062,0.012020815,0.013551701,0.017150875,0.066722596,0.0085,0.0095825,0.0121275,0.04718,2,2,2,2,2,0.899013998,0.153046878,0.801212625,0.110468825,0.891212625,0.134364428,0.06213607,0.007302663,0.069115798,0.009151738,0.077552535,0.006743838,20.54833333,0.171447757,0.7302125238527019,0.1550040171740435,0.4916239605948724,0.9987541427163814,0.0,472.93124311694027,22.80394868913089,435.41874752331995,510.4437387105606,345.34031664521666,75.17370065475426,221.67957906814593,469.0010542222874
FT_527,26.35,4.012352941,105.8823529,10585,-4.543883568,0.017247222,-9.409347936,0.053638606,6,6,0.070618123,-23.46797948,0.426849898,20.5882353,3.442647059,-6.235114244,0.254292186,0.17183,0.1280425,0.12927,2.0375,0.0,0.0,0.0,0.0,0.0,0.0,0.0,0.0,2,2,2,2,2,0.990504371,0.0,0.745169644,0.0,0.752313333,0.0,0.062842945,0.0,0.063445399,0.0,0.084333742,0.0,23.168,0.140545366,0.7904368290451479,0.1430593675381517,0.5721689238249266,1.0398451936676825,0.0,475.5314551260763,1.0533845149922352,473.79863759891407,477.26427265323855,375.8775755010808,68.03432447523883,263.9611117393129,487.7940392628487
FT_529,26.45,4.03,106.5,6061,-4.714391429,0.030130826,-9.384641402,0.016157558,6,6,0.075989334,-23.254635,0.400643216,20.5,3.414285714,-6.236280992,0.255444749,0.142,0.11094,0.13203,1.86249,0.009899495,0.011228856,0.012770348,0.121212244,0.007,0.00794,0.00903,0.08571,2,2,2,2,2,0.840263576,0.117636741,0.781267606,0.096018835,0.929788732,0.110857574,0.05956542,0.007167702,0.070888971,0.008264225,0.07624202,0.007271287,15.565,0.178896618,0.722853406859127,0.135232236269444,0.516570941479937,0.959716169551364,0.0,456.8129327226482,11.418643032684603,438.029264933882,475.5966005114144,330.2087847158754,62.324813041769545,227.6844672621645,432.73310216958635
FT_533,26.65,4.065294118,100.0,11759,-4.101218021,0.007194906,-8.686161127,0.066273424,6,6,0.096598622,-22.98686358,0.453278434,20.32352941,3.357563025,-6.238614487,0.257749873,0.142,0.1146675,0.1376225,1.8692,0.014142136,0.012257696,0.020679338,0.041295036,0.01,0.0086675,0.0146225,0.0292,2,2,2,2,2,0.833203146,0.153647695,0.807517606,0.117979933,0.969172535,0.174712348,0.061345763,0.006696305,0.073626418,0.011182138,0.075968329,0.00774979,15.65733333,0.026388129,0.8252563982903905,0.1534411754346702,0.5917310810968068,1.094400360579381,0.0,427.64681607854754,11.166027491041959,409.27870085578354,446.01493130131155,352.9182711773352,66.26249177198618,243.91647221241794,461.9200701422525
FT_539,26.95,4.118235294,100.0,8727,-4.482222209,0.025607941,-9.477472114,0.041731283,6,6,0.073017376,-23.31678089,0.853198581,20.05882353,3.272478992,-6.24211473,0.26120756,0.1475,0.1184975,0.14252,1.9541,0.013435029,0.014845707,0.013463313,0.048224682,0.0095,0.0104975,0.00952,0.0341,2,2,2,2,2,0.83144471,0.130459074,0.803372881,0.124437932,0.966237288,0.126795651,0.060640448,0.007743203,0.072933831,0.007121005,0.075482319,0.00712319,16.94133333,0.187203989,0.7716278768302071,0.1694463198822346,0.5080694041262147,1.0635333804030138,0.0,463.7293467233291,17.10376355170086,435.5936556807812,491.86503776587705,357.8264912359814,79.67786159165081,226.75640891771582,488.89657355424697
FT_547,27.35,4.19375,93.2038835,9625,-4.221386009,0.025539512,-9.504471352,0.053147907,6,6,0.10657837,-22.5713806,0.551509707,19.68125,3.151116071,-6.247107438,0.266139566,0.132,0.095243288,0.121841284,1.8047,0.012727922,0.006000915,0.009675036,0.105641753,0.009,0.004243288,0.006841283,0.0747,2,2,2,2,2,0.781699645,0.079238401,0.721540061,0.083109698,0.923040027,0.115298647,0.052775136,0.004538772,0.067513317,0.006660261,0.073142351,0.008250542,17.05733333,0.294002268,0.7236094951153913,0.1460709283742986,0.4988917335388468,0.976644927569396,0.0,452.9786183687891,7.257619255911228,441.03983469281513,464.9174020447631,327.77962933590703,66.37509339743774,218.59260069712195,436.9666579746921
FT_549,27.45,4.22125,92.52336449,8125,-4.177552193,0.029473717,-9.590135599,0.020321581,6,6,0.11722945,-22.39643506,0.49413254,19.54375,3.106919643,-6.24892562,0.267935643,0.1315,0.09375394,0.116873268,1.58136,0.013435029,0.006723086,0.009720268,0.124507362,0.0095,0.00475394,0.006873268,0.08804,2,2,2,2,2,0.80218464,0.088092306,0.712957719,0.088992755,0.888770095,0.11708626,0.059286905,0.006313822,0.073906806,0.00846426,0.083156271,0.010725967,16.60866667,0.121631959,0.705889901802919,0.1410345052634571,0.4902651409655386,0.9494720092933608,0.0,457.82017726360993,11.930427554125181,438.194623937074,477.44573059014584,323.1706399720046,65.11533261337209,216.05591782300752,430.2853621210017
FT_559,27.95,4.342777778,93.2038835,4098,-4.392396891,0.054919638,-9.907265578,0.048269038,6,6,0.169993071,-23.0873127,1.525063741,18.93611111,2.911607142,-6.256960514,0.275872848,0.15559,0.08900375,0.093306125,1.8075,0.0,0.0,0.0,0.0,0.0,0.0,0.0,0.0,2,2,2,2,2,0.953889683,0.0,0.572040298,0.0,0.5996923,0.0,0.049241355,0.0,0.051621646,0.0,0.086080221,0.0,21.253,0.220061355,0.7317227203823472,0.2287236185930592,0.3676397729930717,1.117930779423107,0.0,620.4460895024739,9.631065459154524,604.6029868221647,636.2891921827832,453.9945004613395,142.08555031881858,220.26377018688294,687.725230735796
FT_561,28.05,4.363888889,84.86238532,11740,-4.156218625,0.012812754,-9.327809674,0.052784152,6,6,0.064344333,-23.08374274,1.523761845,19.12435898,2.90534188,-6.25835629,0.277251654,0.1425,0.105078245,0.132939559,1.67294,0.012020815,0.007181723,0.006985591,0.012247089,0.0085,0.005078245,0.004939559,0.00866,2,2,2,2,2,0.790421194,0.068143451,0.737391193,0.080057969,0.932909186,0.092716511,0.062810528,0.004317431,0.079464631,0.004215966,0.085179385,0.00721245,15.957,0.092244241,0.7911834209642925,0.238552129579935,0.4106938353071371,1.1960959226744596,0.0,460.95128753596055,12.800537881776453,439.8944027204383,482.0081723514828,364.69701657059653,110.42630913993193,183.0457380354085,546.3482951057846
FT_567,28.35,4.427222222,98.5,8464,-4.463388669,0.021360399,-9.738464744,0.039611867,6,6,0.072091635,-22.95024132,1.007916211,20.14743589,2.929700855,-6.262543618,0.281388072,0.148,0.109711234,0.138269351,1.7514,0.0,0.000408377,0.001033294,0.072690577,0.0,0.000288766,0.000730649,0.0514,2,2,2,2,2,0.793460251,0.006624414,0.741292122,0.002759303,0.934252372,0.006981714,0.06264202,0.002610346,0.078947899,0.003329366,0.084503826,0.00350727,16.36966667,0.753130356,0.7311081758493878,0.1779157143750006,0.4500132088912668,1.0341428590194377,0.0,466.1034935298695,18.497905483023313,435.67443901029617,496.5325480494429,340.77207491164984,84.02266153810375,202.55479668146918,478.9893531418305
FT_574,28.7,4.494,86.57407407,8770,-4.040551469,0.017258814,-9.318456551,0.032519225,6,6,0.1244271,-22.8094793,0.46401581,21.22615385,2.955384615,-6.266958678,0.285749454,0.1395,0.097870986,0.134718737,1.54111,0.003535534,0.001596667,0.012330155,0.062918361,0.0025,0.001129014,0.008718737,0.04449,2,2,2,2,2,0.726483847,0.067539572,0.701584129,0.021146466,0.96572571,0.091714417,0.063506814,0.002792107,0.087416691,0.008760737,0.090519171,0.004349774,16.95133333,0.113957594,0.8456196693312078,0.1525241994919485,0.6116336720272498,1.1108031354455816,0.0,456.82727646200914,3.246413764057257,451.48692582013496,462.1676271038833,386.30213046328043,69.73127373167837,271.5941851746695,501.01007575189135
FT_579,28.95,4.529,84.5,8862,-4.134215795,0.02096346,-9.379286694,0.047596919,6,6,0.10877247,-23.15977794,0.540387213,21.79153846,2.968846154,-6.269272727,0.288035369,0.1415,0.092349836,0.131168388,1.49004,0.003535534,0.006576325,0.001176077,0.147021642,0.0025,0.004650164,0.000831612,0.10396,2,2,2,2,2,0.704055584,0.05053236,0.652649018,0.049253659,0.926985074,0.024607875,0.061978092,0.007541666,0.088030112,0.008721683,0.094963894,0.00966581,15.70966667,0.181720481,0.8884312184022288,0.1614559446349744,0.6434998275485011,1.1700373586553516,0.0,454.39292620421884,3.7486374631886488,448.22641757727354,460.55943483116414,403.6968610609682,73.43999276609166,282.8880729607474,524.505649161189
FT_587,29.35,4.585,88.23529412,10018,-4.487873625,0.020755722,-9.236960825,0.046720445,6,6,0.104994839,-23.35823678,0.569342407,22.69615385,2.990384615,-6.272975207,0.291692833,0.133,0.092421559,0.129835797,1.57969,0.008485281,0.002010387,0.01532413,0.097453457,0.006,0.001421559,0.010835797,0.06891,2,2,2,2,2,0.711834186,0.0854306,0.694898936,0.046839959,0.976208996,0.130974729,0.058506136,0.003827128,0.082190681,0.01094594,0.084193734,0.007472007,16.77766667,0.087797115,0.8538043367243616,0.1561893459316238,0.613684156947315,1.1247553284327398,0.0,469.4870446891508,12.07425513442283,449.62489499302524,489.3491943852764,400.85007479150113,74.04998559324825,279.03784849060776,522.6623010923945
FT_593,29.65,4.628181818,96.22641509,6606,-5.251854537,0.019068298,-9.810764066,0.031726435,6,6,0.047945696,-23.40989248,0.550979249,23.39370629,3.006993007,-6.275830203,0.294513118,0.1425,0.107341634,0.125213698,1.8143,0.000707107,0.005173712,0.002526213,0.020223254,0.0005,0.003658367,0.001786303,0.0143,2,2,2,2,2,0.857267501,0.044792862,0.753274621,0.036498651,0.878692614,0.018256142,0.059164214,0.002926893,0.06901488,0.001590768,0.078542689,0.000958315,16.85266667,0.134945668,0.7051937917073511,0.1362089525527627,0.4943970515096347,0.9407759663254478,0.0,490.98616271769725,8.473383621277428,477.04744666069587,504.92487877469864,346.2403937627354,67.14312774168916,235.7899486276567,456.69083889781405
FT_597,29.85,4.660909091,95.71428571,8247,-5.315982329,0.026643949,-10.22521299,0.033098338,6,6,0.077397661,-23.44904206,0.537061909,23.92237762,3.01958042,-6.277993989,0.296650598,0.14819,0.10748875,0.10368925,1.8325,0.0,0.0,0.0,0.0,0.0,0.0,0.0,0.0,2,2,2,2,2,1.036643143,0.0,0.725344153,0.0,0.699704771,0.0,0.058656889,0.0,0.056583492,0.0,0.080867667,0.0,20.433,0.095827971,0.7100681224228669,0.1353400499867589,0.5007697655644778,0.9449232356454046,0.0,508.07980942794507,1.1709744285326451e-11,508.0798094279258,508.07980942796434,360.771276321469,68.76354680524102,247.6552418268475,473.88731081609046
FT_599,29.95,4.677272727,96.0,7696,-5.034026646,0.016363577,-9.615440976,0.041069453,6,6,0.045814082,-23.46861686,0.530103239,24.18671328,3.025874126,-6.279075883,0.297719337,0.1695,0.137593908,0.164534797,1.9066,0.003535534,0.009059582,0.013484239,0.033092597,0.0025,0.006406092,0.009534797,0.0234,2,2,2,2,2,0.836260235,0.087913587,0.811763469,0.056066765,0.970706767,0.082089281,0.07216716,0.004914021,0.086297491,0.007229275,0.08890171,0.002412404,23.03333333,0.090467305,0.7807521273117856,0.1450520628405579,0.5589415148573923,1.032410588817767,0.0,476.76835106846795,3.614137951646249,470.8230941380099,482.713607998926,372.23790433163856,69.21377599644495,258.3812428174866,486.0945658457905
FT_606,30.3,4.734545455,95.58823529,10362,-4.435708262,0.018904144,-9.415951438,0.032960583,6,6,0.062211313,-23.52810078,0.485139533,25.11188812,3.047902098,-6.282862509,0.301459926,0.172,0.137548795,0.16234092,1.72788,0.021213203,0.019022877,0.010831576,0.079365665,0.015,0.013451206,0.007659081,0.05612,2,2,2,2,2,0.847283574,0.130102485,0.799702294,0.148188032,0.943842555,0.132348937,0.079605525,0.011600694,0.093953816,0.007610548,0.09954395,0.013100797,22.522,0.254536834,0.9704883690470738,0.1704316030906861,0.713262823032882,1.2679027688817075,0.0,494.32591321923894,34.20312031088927,438.0617803078261,550.5900461306518,479.73754929784457,90.55206755468983,330.7793981703798,628.6957004253093
FT_611,30.55,4.775454545,76.85185185,9211,-4.277878872,0.010695794,-9.659438668,0.047508947,6,6,0.161068557,-23.53834697,0.379421323,25.77272727,3.063636363,-6.285567243,0.304131775,0.10697375,0.08181375,0.109715,1.55927,0.002140766,0.003180213,0.013293607,0.052707739,0.00151375,0.00224875,0.0094,0.03727,2,2,2,2,2,0.745693387,0.094887594,0.764802113,0.033437393,1.025625445,0.125953389,0.052469264,0.002702862,0.070363055,0.008851092,0.06860502,0.002694976,25.74833333,0.381694031,1.0416122837714754,0.1773726904428459,0.7774215641348254,1.3520591281298828,0.0,447.12246567107,9.020929732786366,432.28303626063644,461.9618950815036,465.72825259317636,79.86201117210186,334.3552442150688,597.1012609712839
FT_617,30.85,4.819285714,85.5,6497,-4.627209573,0.037802998,-10.47050575,0.033192871,6,6,0.124511319,-23.54932504,0.26615181,26.48076923,3.080494505,-6.288465171,0.30699447,0.13111,0.066055625,0.076533125,1.6475,0.0,0.0,0.0,0.0,0.0,0.0,0.0,0.0,2,2,2,2,2,0.863098495,0.0,0.503818359,0.0,0.583732171,0.0,0.040094461,0.0,0.046454097,0.0,0.079581184,0.0,20.96233333,0.029143324,0.96711158421084,0.1626971423403582,0.7250856735982122,1.2547675236412497,0.0,617.1987906830991,5.9117155615240335e-12,617.1987906830893,617.1987906831089,596.9001002305466,100.41647950006512,431.7149914529395,762.0852090081537
FT_622,31.1,4.851428571,72.0,7022,-4.273681189,0.019294213,-9.54729921,0.024221203,6,6,0.175114357,-23.59510691,0.440894635,26.99999999,3.092857143,-6.290590319,0.30909378,0.09600875,0.06926625,0.09181875,1.49824,0.007419318,0.003226175,0.005453561,0.054814918,0.00524625,0.00228125,0.00385625,0.03876,2,2,2,2,2,0.754380233,0.05694003,0.72145768,0.06509603,0.956358144,0.093212119,0.046231745,0.002738198,0.061284407,0.004275131,0.064081022,0.005478971,26.50866667,0.073799277,1.0967514091053905,0.1904829735837773,0.8144637261983732,1.4358342503063677,0.0,445.6781711952662,0.45493198078106944,444.92980808688134,446.42653430365107,488.79816226592163,84.89556952703228,349.14495039395354,628.4513741378897
FT_627,31.35,4.883571429,94.85981308,7410,-4.779849374,0.035695471,-9.464135227,0.040474272,6,6,0.098397211,-23.93386357,0.594150906,27.09169435,3.122093024,-6.292715466,0.31119309,0.11194875,0.08924125,0.10749,1.89355,0.008883029,0.00256503,0.015966471,0.032739044,0.00628125,0.00181375,0.01129,0.02315,2,2,2,2,2,0.830228393,0.125608955,0.797161648,0.067275977,0.960171507,0.161697408,0.04712907,0.00158081,0.056766391,0.00848896,0.059121095,0.004801278,20.9,0.161780716,1.000973610312511,0.1820565550462366,0.7257296073836144,1.3193673811067197,0.0,457.9265470706445,9.609588656231837,442.11877373114316,473.73432041014587,458.37238907924507,83.92160525065708,320.3213484419142,596.4234297165759
FT_630,31.5,4.9125,92.59259259,7226,-4.800527663,0.02541653,-9.565488776,0.028004761,6,6,0.088553705,-24.55111349,0.60611437,26.64767442,3.169186047,-6.294628099,0.313082469,0.12959,0.083974375,0.087007375,1.8225,0.0,0.0,0.0,0.0,0.0,0.0,0.0,0.0,2,2,2,2,2,0.965140886,0.0,0.648000424,0.0,0.671405008,0.0,0.046076475,0.0,0.047740672,0.0,0.071105624,0.0,21.42833333,0.161401157,1.0646647554025108,0.1848826376550832,0.7855864256289057,1.3891771573794354,0.0,456.3523534283125,6.0822458181064576e-12,456.3523534283025,456.3523534283225,485.8622667401145,84.37162680193116,347.0709406509377,624.6535928292913
FT_631,31.55,4.92375,107.0754717,5954,-5.074516924,0.017224982,-9.658462289,0.020992856,6,6,0.062293076,-24.79115513,0.610766828,26.475,3.1875,-6.295371901,0.313817227,0.12500125,0.108665,0.11249875,2.09286,0.000220971,0.000205061,0.000899793,0.075151309,0.00015625,0.000145,0.00063625,0.05314,2,2,2,2,2,0.965921844,0.007937807,0.869311307,0.002247814,0.899981,0.007371991,0.051921772,0.001867002,0.053753596,0.001977509,0.059727478,0.002147317,20.26733333,0.395135842,1.016063294355734,0.1744341839948155,0.7522337620739575,1.321579845535915,0.0,456.5523233054099,3.467448550509289e-12,456.55232330540423,456.5523233054156,463.8860576634589,79.63833196671636,332.88100157821054,594.8911137487073
FT_659,32.95,5.090576923,113.7254902,7244,-6.018087245,0.058455681,-10.16838905,0.033927373,6,6,0.068634644,-24.80331122,0.49574423,23.91440072,3.459078712,-6.30640178,0.324713005,0.16927,0.10054875,0.10546475,2.2175,0.0,0.0,0.0,0.0,0.0,0.0,0.0,0.0,2,2,2,2,2,0.953387269,0.0,0.594014001,0.0,0.62305636,0.0,0.045343292,0.0,0.047560203,0.0,0.076333709,0.0,17.35666667,0.122712401,0.7313824104701373,0.1318923314719499,0.5300309350427295,0.9613711348251368,0.0,588.8917634481228,8.640199666842818e-12,588.8917634481086,588.891763448137,430.70507745669795,77.67030766580092,302.93742134645544,558.4727335669404
FT_662,33.1,5.105,113.0,8555,-5.942852861,0.025404068,-9.928620237,0.050678069,6,6,0.068029777,-24.66293713,0.47846385,23.69302326,3.48255814,-6.307355372,0.325655003,0.1533125,0.1328,0.15798,2.00444,0.010702061,0.016786715,0.007594327,0.081232427,0.0075675,0.01187,0.00537,0.05744,2,2,2,2,2,0.840612736,0.113682849,0.866204647,0.12507973,1.030444354,0.087336931,0.066252919,0.008794648,0.078815031,0.004955479,0.07648645,0.006173736,18.234,0.117987287,0.7244786474404605,0.1312195413838162,0.5239452590807501,0.9532209037959548,0.0,535.0868438772607,29.25419815700823,486.96368790898214,583.2099998455392,387.65899291538267,73.34284000570634,267.01002110599575,508.3079647247696
FT_669,33.45,5.138653846,114.1509434,7695,-6.319060775,0.020588022,-10.0522416,0.036467794,6,6,0.060972707,-24.33539757,0.438142961,23.17647585,3.53734347,-6.30958042,0.327852998,0.16682,0.103183125,0.106561375,2.2175,0.0,0.0,0.0,0.0,0.0,0.0,0.0,0.0,2,2,2,2,2,0.968297613,0.0,0.618529703,0.0,0.638780572,0.0,0.046531285,0.0,0.048054735,0.0,0.075228861,0.0,16.56366667,0.243791578,0.6064349949711245,0.1172988457835886,0.4267136714704119,0.8100660947739585,0.0,588.8917634481228,8.640199666842818e-12,588.8917634481086,588.891763448137,357.124573605199,69.0763241439269,243.49402038843922,470.7551268219587
FT_671,33.55,5.148269231,128.4313725,11856,-6.521854597,0.013991664,-9.709460643,0.046975526,6,6,0.030197437,-24.24181484,0.426622707,23.02889087,3.552996423,-6.310216148,0.328480997,0.16450125,0.14202375,0.151485,2.27856,0.000638164,0.004530787,0.000417193,0.05509776,0.00045125,0.00320375,0.000295,0.03896,2,2,2,2,2,0.937543321,0.030020388,0.863359701,0.027745465,0.920874461,0.004381105,0.062330485,0.002495113,0.066482779,0.00161801,0.072195268,0.001768074,18.01566667,0.437893062,0.5582147999196789,0.1122384361678746,0.3850518741235964,0.7526881189355518,0.0,618.1743567545459,32.622395373430095,564.5105163652534,671.8381971438384,345.07407487121503,71.73287380031879,227.07349746969064,463.0746522727394
FT_687,34.35,5.225192308,108.4158416,8109,-5.91585278,0.02397012,-9.735126481,0.029471455,6,6,0.083460981,-23.76992862,0.191342894,21.84821109,3.678220036,-6.315301971,0.333504986,0.139545,0.12353625,0.13859625,1.92438,0.001534422,0.001136674,0.012079152,0.038438325,0.001085,0.00080375,0.00854125,0.02718,2,2,2,2,2,0.891339051,0.078115063,0.885278942,0.012692893,0.993201118,0.0872472,0.064195351,0.001411769,0.072021248,0.006439647,0.072514264,0.001653398,19.08933333,0.239366525,0.5873366375299017,0.1131743667323735,0.4155216461076486,0.7849945574947149,0.0,467.33566889860873,16.088487863554395,440.8701063630617,493.80123143415574,274.4833603686963,53.72789526694573,186.10097265457057,362.86574808282205
FT_699,34.95,5.280416667,94.33962264,6839,-5.433351333,0.024105324,-9.946452994,0.030677353,6,6,0.10127727,-24.5969261,0.684060515,21.00058139,3.768120156,-6.318953168,0.337111792,0.133985,0.10299625,0.13442,1.76916,0.004094148,0.007320323,0.021474833,0.072068323,0.002895,0.00517625,0.015185,0.05096,2,2,2,2,2,0.766227124,0.133979088,0.768714782,0.059470831,1.003246632,0.163183303,0.0582176,0.004769184,0.075979561,0.01252682,0.075733682,0.00385657,18.52933333,0.294510328,0.7557201896349395,0.1509293563054034,0.5253301298188856,1.018320331057598,0.0,501.8580701392961,8.983501966320677,487.08020940469856,516.6359308738936,379.26427593549363,76.04875559802855,254.16407297673666,504.3644788942506
FT_701,35.05,5.289583333,99.00990099,8070,-5.266661666,0.017944358,-9.658030015,0.047997569,6,6,0.108729772,-24.30540652,0.6520701,20.85988373,3.783042635,-6.319559229,0.337710484,0.15124,0.08109,0.09891775,1.61,0.0,0.0,0.0,0.0,0.0,0.0,0.0,0.0,2,2,2,2,2,0.819771982,0.0,0.536167681,0.0,0.654044896,0.0,0.05036646,0.0,0.061439596,0.0,0.093937888,0.0,20.63866667,0.178550646,0.7523974792855974,0.1511197205792731,0.52175627635227,1.0157114868337216,0.0,488.8938031551494,12.170308887697692,468.8736450348867,508.9139612754121,367.84246513228345,74.44678830045032,245.37749837804267,490.3074318865242
FT_712,35.6,5.34,79.24528302,7570,-5.405779582,0.009948199,-9.737777961,0.028589625,6,6,0.115285035,-23.26946549,0.361461354,20.30727273,3.785454545,-6.322892562,0.341003291,0.1152775,0.0848375,0.10939875,1.49924,0.009019147,0.000357089,0.002791304,0.0512511,0.0063775,0.0002525,0.00197375,0.03624,2,2,2,2,2,0.775488751,0.020053985,0.735941532,0.057662278,0.949003492,0.078097204,0.056587004,0.001949019,0.072969471,0.003112649,0.076890625,0.006564978,19.51333333,0.111253464,0.5893553166970307,0.1234066201685991,0.4020796781142807,0.804862788700983,0.0,467.3340911924335,16.3848358709614,440.381036184702,494.287146200165,275.42583131803565,58.47496306839076,179.23451707053283,371.61714556553846
FT_715,35.75,5.35375,54.5,8749,-5.06050695,0.01692828,-9.257076924,0.021609412,6,6,0.104151458,-23.20296452,0.346581832,20.17227273,3.780454545,-6.323801653,0.341901329,0.13495,0.0645,0.087636375,1.345,0.0,0.0,0.0,0.0,0.0,0.0,0.0,0.0,2,2,2,2,2,0.735995755,0.0,0.477954798,0.0,0.649398851,0.0,0.04795539,0.0,0.065157156,0.0,0.100334572,0.0,21.09866667,0.394006768,0.6449727493276853,0.1314029920662774,0.4468649391074856,0.8761783623867536,0.0,464.61993087389135,10.381121287479713,447.54298635598724,481.69687539179546,299.6671942081728,61.41849721671045,198.63376628668414,400.7006221296615
FT_725,36.25,5.399583333,67.32673267,7549,-5.064115989,0.011285684,-9.676114031,0.03977143,6,6,0.105402681,-22.98129464,0.296983425,19.72227273,3.763787879,-6.326831956,0.344894789,0.12884375,0.087695,0.11934125,1.53391,0.006344516,0.001159655,0.004894947,0.011186429,0.00448625,0.00082,0.00346125,0.00791,2,2,2,2,2,0.734825553,0.031667579,0.680630609,0.034703053,0.926247878,0.05936022,0.05717089,0.000863359,0.07780199,0.003241205,0.083996942,0.004181287,21.877,0.144180443,0.6066798295883576,0.1255356286606591,0.4166054789868448,0.8262970205351842,0.0,455.21748596237364,1.3698211814520085,452.96413011888507,457.4708418058622,276.17126680929346,57.152055656772966,182.15613525390194,370.186398364685
FT_735,36.75,5.445416667,68.81188119,7445,-4.938617117,0.025500327,-9.779942757,0.032453043,6,6,0.08553857,-23.02754139,0.342778162,19.27227272,3.747121212,-6.329862259,0.34788825,0.1317825,0.09537375,0.12593,1.62956,0.017405433,0.000624022,0.007771104,0.009560084,0.0123075,0.00044125,0.005495,0.00676,2,2,2,2,2,0.757355277,0.046998137,0.723720904,0.095704081,0.955589703,0.139307853,0.058527302,0.000514333,0.077278529,0.004790338,0.080869989,0.010691595,19.151,0.277248986,0.6263211180531719,0.1299582114012571,0.429893458923576,0.8540882171311478,0.0,487.33707958962736,27.63973285192163,441.86971904821627,532.8044401310384,305.22950455734303,65.65675389504922,197.22414439998707,413.23486471469903
FT_745,37.25,5.49125,50.45454545,10205,-4.174623989,0.028633314,-8.948646313,0.05311748,6,6,0.302837717,-23.5407356,0.581500908,18.82227273,3.730454545,-6.332892562,0.35088171,0.0727,0.04263375,0.07929875,1.00398,0.018151431,0.004527251,0.002717058,0.053711831,0.012835,0.00320125,0.00192125,0.03798,2,2,2,2,2,0.537634578,0.059989455,0.586433975,0.159110886,1.09076685,0.274890559,0.04246474,0.005049255,0.078984392,0.005017918,0.072411801,0.01848986,19.29966667,0.200589963,0.8500808996111003,0.1687223503526707,0.5943936246498503,1.1463810157350032,0.0,378.4626088491807,12.173658593483248,358.43694046290074,398.48827723546066,321.7238349996755,64.68823169880399,215.31169385514292,428.13597614420803
FT_754,37.7,5.5325,60.0,7959,-4.753285451,0.007788881,-9.587451299,0.022818852,6,6,0.101082898,-23.64328591,0.683769246,18.41727273,3.715454545,-6.335619835,0.353575825,0.1274775,0.0901475,0.13094625,1.48757,0.019427759,0.010532356,0.010159357,0.017578675,0.0137375,0.0074475,0.00718375,0.01243,2,2,2,2,2,0.688431322,0.09655148,0.707164009,0.135798608,1.027210684,0.175666582,0.06060051,0.007116365,0.08802695,0.006908263,0.085695127,0.013099265,20.761,0.126384334,0.7202358165504473,0.1542403391365879,0.4844964550395296,0.9894599968915492,0.0,459.46838671930664,10.794621758966091,441.7112339258074,477.2255395128059,330.92558868789655,71.29374664272247,213.6473754606181,448.203801915175
FT_765,38.25,5.582916667,55.88235294,6835,-4.649119721,0.01712795,-9.795775387,0.028547621,6,6,0.087669531,-23.62284481,0.587225465,17.92227272,3.697121212,-6.338953168,0.356868631,0.12632375,0.080545,0.13934375,1.40279,0.01709961,0.004313351,0.020090671,0.018087791,0.01209125,0.00305,0.01420625,0.01279,2,2,2,2,2,0.578030949,0.088903869,0.637607734,0.09281753,1.103068505,0.218149199,0.057417718,0.003162712,0.099333293,0.014379096,0.09005179,0.012244892,21.60966667,0.297022446,0.7271467436159078,0.1485659731238494,0.5011072753633151,0.9859738268061788,0.0,465.57463894485636,18.21928963294161,435.6039074986674,495.5453703910453,338.54108261890434,70.42584958168412,222.69056005703396,454.3916051807747
FT_775,38.75,5.62875,53.5,8778,-4.528620805,0.013995237,-9.126638415,0.029384803,6,6,0.106418883,-23.56487879,0.439608822,17.47227273,3.680454545,-6.341983471,0.359862091,0.10947125,0.06787375,0.10086,1.30248,0.013390835,0.005824792,0.010776307,0.059227264,0.00946875,0.00411875,0.00762,0.04188,2,2,2,2,2,0.672950129,0.092222215,0.620014387,0.0926452,0.921337794,0.149638885,0.052111165,0.005061092,0.07743689,0.008991837,0.084048316,0.010968432,24.89533333,0.591656432,0.7339959199636407,0.1419746864749242,0.5182740393600965,0.9815705370223397,0.0,461.51718926698413,13.825284644932424,438.7745960260703,484.25978250789797,338.7517339150537,66.30489244044132,229.68018585052772,447.8232819795797
FT_777,38.85,5.637916667,50.5,8980,-4.444042685,0.020056587,-9.330401679,0.033476858,6,6,0.138688207,-23.55328558,0.410085492,17.38227272,3.677121212,-6.342589532,0.360460784,0.11108,0.05745875,0.0723755,1.3025,0.0,0.0,0.0,0.0,0.0,0.0,0.0,0.0,2,2,2,2,2,0.793897797,0.0,0.517273587,0.0,0.651561937,0.0,0.044114203,0.0,0.055566603,0.0,0.08528215,0.0,22.49233333,0.399905405,0.7490026727809376,0.1414123007193932,0.5351069301918921,0.9965211010627568,0.0,450.15659953485414,1.9848220443195905,446.8915672719484,453.42163179775986,337.1684962215839,63.675037232913034,232.42305997344195,441.91393246972586
FT_783,39.15,5.665416667,43.5,9734,-4.313990943,0.017566066,-9.253347961,0.04192215,6,6,0.18177125,-23.51850597,0.321515506,17.11227272,3.667121212,-6.344407714,0.36225686,0.08704125,0.04654875,0.07896625,1.14176,0.007847118,0.0004826,0.001097783,0.026813489,0.00554875,0.00034125,0.00077625,0.01896,2,2,2,2,2,0.589476517,0.010222813,0.534789539,0.048531179,0.907227895,0.082756932,0.040769295,0.00104659,0.069161864,0.001887471,0.076234279,0.007102179,25.46066667,0.332626417,0.766757289819238,0.1412165143581455,0.5542165091504607,1.0157509044280648,0.0,442.304688858328,10.028953701710423,425.8070600190144,458.8023176976416,339.1403445033529,62.932304600623475,235.61670343532728,442.6639855713785
FT_793,39.65,5.71125,54.09090909,7243,-4.717309765,0.017002941,-9.387850539,0.016869104,6,6,0.088401916,-23.49046061,0.294878324,16.66227273,3.650454545,-6.347438017,0.36525032,0.11727375,0.08224875,0.11693375,1.48045,0.002172586,0.009819945,0.014182794,0.00940452,0.00153625,0.00694375,0.01002875,0.00665,2,2,2,2,2,0.70337905,0.119710494,0.701339814,0.084737267,0.9971008,0.122340083,0.055556588,0.006642464,0.078985275,0.009593187,0.079214935,0.001551395,19.61433333,0.22021429,0.6649287697950864,0.1259698380693263,0.474044639216221,0.8858417819522533,0.0,455.43525681212844,0.33542462403356854,454.88348330559324,455.98703031866364,302.8320050333978,57.37153907781321,208.4558232503951,397.20818681640054
FT_802,40.1,5.7525,57.79816514,9684,-4.969467359,0.023303791,-9.420351161,0.033254574,6,6,0.189598618,-23.60331204,0.519305513,16.25727273,3.635454545,-6.3485,0.367781155,0.10534125,0.0723025,0.10685625,1.35643,0.008533011,0.001870297,0.000995253,0.031437967,0.00603375,0.0013225,0.00070375,0.02223,2,2,2,2,2,0.676633327,0.018602938,0.686364553,0.058364017,1.01438183,0.082709875,0.053303525,0.001851336,0.078777563,0.001967741,0.077660661,0.006543224,20.35733333,0.074594459,0.6205336917488303,0.1284179371920584,0.4231699972649769,0.8437134356599792,0.0,455.42302077210894,4.945377440890297e-12,455.4230207721008,455.42302077211707,282.605328387121,58.484484877330196,186.39835076391284,378.81230601032917
FT_805,40.25,5.76625,61.0,11051,-4.746358494,0.025089174,-9.851507379,0.083079881,6,6,0.112770551,-23.64093525,0.484470471,16.12227273,3.630454545,-6.34025,0.367781155,0.11793,0.061548125,0.06961125,1.4575,0.0,0.0,0.0,0.0,0.0,0.0,0.0,0.0,2,2,2,2,2,0.884169226,0.0,0.521903884,0.0,0.590276011,0.0,0.042228559,0.0,0.04776072,0.0,0.080912521,0.0,20.01433333,0.113443084,0.6646854732773584,0.1312990811349716,0.4638627086996488,0.89259379014152,0.0,532.6036250433638,11.490296341315103,513.7020875619004,551.5051625248271,354.01389258118496,70.34619075269586,238.2944087930003,469.73337636936964
FT_814,40.7,5.8075,56.76567656,8867,-4.906302965,0.026197328,-9.271181636,0.048030893,6,6,0.196904116,-23.7538049,0.379965344,15.71727273,3.615454545,-6.33875,0.367211246,0.080725,0.051855,0.07194875,1.2572,0.000183848,9.9e-05,0.000330572,0.102106219,0.00013,7e-05,0.00023375,0.0722,2,2,2,2,2,0.720721347,0.003585868,0.642366058,0.001908959,0.891282131,0.004570526,0.041246421,0.003350843,0.057229359,0.004655438,0.06421015,0.005217016,22.63066667,0.303078098,0.6373571160716459,0.1214078423403682,0.451964514364979,0.8496053751259967,0.0,454.8158414176779,9.823108288285022,438.65682828344904,470.9748545519068,289.88011302967027,55.5720134511538,198.46415090252225,381.2960751568183
FT_824,41.2,5.853333333,60.78431373,7911,-5.121461891,0.021096603,-9.415351066,0.037184226,6,6,0.136269829,-23.87921561,0.263848537,15.30656566,3.595959596,-6.412592593,0.36519194,0.09981375,0.06804625,0.10373375,1.5014,0.004859591,0.002239761,0.007532455,0.022627417,0.00343625,0.00158375,0.00532625,0.016,2,2,2,2,2,0.655970212,0.052297381,0.681732226,0.040064744,1.039273146,0.09085817,0.045321866,0.001640718,0.069091348,0.005123872,0.066480452,0.003388231,22.087,0.272457336,0.6073002117845315,0.1124820464451941,0.4354057187874204,0.8029934741263718,0.0,453.33514538084444,2.637353490971354,448.99669888819653,457.67359187349234,275.3105297991582,51.017212902702795,191.3872145742121,359.2338450241043
FT_834,41.7,5.8995,87.12871287,7860,-5.927766214,0.023757104,-9.762024375,0.021080797,6,6,0.097814972,-24.03792347,0.463766039,15.3975,3.54,-6.386944444,0.366751098,0.10420125,0.0878125,0.0926875,1.7897,0.011863484,0.007357446,0.014379016,0.008909545,0.00838875,0.0052025,0.0101675,0.0063,2,2,2,2,2,0.947403911,0.167040883,0.842720217,0.119125794,0.889504684,0.171166378,0.049065486,0.004118244,0.051789406,0.008038452,0.058222747,0.00663509,24.493,0.30939457,0.4893842633666694,0.1048149891185415,0.3270212786219769,0.6706753683588408,0.0,479.89135488092245,28.160780083196222,433.5668716440647,526.2158381177802,234.85127720443316,52.15360734326213,149.05859312476696,320.64396128409936
FT_839,41.95,5.92325,86.53846154,6016,-5.568644161,0.038935845,-10.38761133,0.039911987,6,6,0.094684494,-23.81994486,0.435802647,15.4442803,3.511212121,-6.37375,0.367553191,0.12889,0.090369375,0.08650575,1.89,0.0,0.0,0.0,0.0,0.0,0.0,0.0,0.0,2,2,2,2,2,1.044663216,0.0,0.701135658,0.0,0.671159516,0.0,0.047814484,0.0,0.045770238,0.0,0.068195767,0.0,22.04733333,0.245063937,0.523222768283449,0.1079442143084407,0.3555810300054713,0.709178110343504,0.0,515.0946181191975,0.9440985588072089,513.5415759899597,516.6476602484354,269.50923202023256,55.60367808163969,178.04118157593527,360.9772824645298
FT_845,42.25,5.95175,71.56862745,8001,-5.240256638,0.017625739,-9.45700791,0.018967516,6,6,0.15678116,-24.2624391,0.410928243,15.50041667,3.476666667,-6.53075,0.367781155,0.08946,0.0605675,0.07850375,1.5512,0.005670996,0.003227942,0.006648572,0.073539105,0.00401,0.0022825,0.00470125,0.052,2,2,2,2,2,0.771523653,0.077202269,0.677034429,0.056070652,0.877529063,0.092831875,0.039045578,0.002785091,0.0506084,0.004911908,0.05767148,0.004565155,21.04333333,0.379269473,0.6415806445137628,0.118213696133141,0.4594848666992322,0.8459288793581758,0.0,454.15704751550845,2.2597352837367426,450.4397829737615,457.8743120572554,291.3783712554675,53.707155185990175,203.0301009745137,379.72664153642137
FT_857,42.85,6.00875,77.45098039,5835,-5.303266651,0.02733252,-9.897254055,0.029209587,6,6,0.106435046,-24.11349424,0.268779286,15.61268939,3.407575758,-6.39125,0.367781155,0.09690125,0.068575,0.0813225,1.4958,0.00972095,0.009050967,0.011338457,0.075236162,0.00687375,0.0064,0.0080175,0.0532,2,2,2,2,2,0.843247564,0.161894683,0.70767921,0.117321456,0.83923066,0.144150628,0.045845033,0.00647541,0.054367228,0.008058368,0.064782224,0.007269951,24.139,0.161055891,0.6061238009296605,0.1077595175411098,0.4416865862066635,0.7933442974382973,0.0,495.94172528951,24.933513827240798,454.92609504369887,536.9573555353211,300.6020835720913,55.53819508270638,209.2417526610393,391.96241448314333
FT_868,43.4,6.061,72.5,7698,-4.269769085,0.026412118,-9.419667835,0.031513489,6,6,0.14319548,-24.24681672,0.493667006,15.71560606,3.344242424,-6.465,0.367781155,0.0878825,0.05596375,0.07328,1.3214,0.005759385,0.009788126,0.009079251,0.056002857,0.0040725,0.00692125,0.00642,0.0396,2,2,2,2,2,0.763697462,0.163690057,0.63680198,0.118939311,0.833840639,0.11687334,0.042351862,0.00762176,0.055456334,0.007261799,0.066507114,0.005190552,27.895,0.805823182,0.8421930352176724,0.1464360712986292,0.6191135253034838,1.0969262129093431,0.0,448.88509063525066,13.901504832262555,426.0171151861788,471.75306608432254,378.0478969460617,66.76746703671309,268.2154136706687,487.88038022145474
FT_872,43.6,6.08,72.11538462,5565,-4.408711399,0.012181954,-9.976826051,0.026389392,6,6,0.082431676,-23.47735944,0.403451743,15.7530303,3.321212121,-6.525,0.367781155,0.11217,0.066270625,0.07082925,1.45,0.0,0.0,0.0,0.0,0.0,0.0,0.0,0.0,2,2,2,2,2,0.935639231,0.0,0.590805251,0.0,0.631445574,0.0,0.045703879,0.0,0.048847759,0.0,0.077358621,0.0,29.57566667,0.491484825,0.7204060694482323,0.1323299511261553,0.517752209139436,0.9510550790846992,0.0,521.8777302955866,3.637978807091713e-12,521.8777302955806,521.8777302955926,375.9638844148082,69.06005454384383,262.36009469018506,489.56767413943135
FT_881,44.05,6.12275,53.77358491,7032,-4.031731258,0.019718012,-9.456174426,0.040104863,6,6,0.124355166,-23.52329502,0.519928875,15.83723485,3.269393939,-6.589125,0.367781155,0.08216875,0.048705,0.0648975,1.1014,0.003615083,0.002361737,0.004946212,0.016122035,0.00255625,0.00167,0.0034975,0.0114,2,2,2,2,2,0.750491159,0.067794669,0.592743592,0.03880989,0.789807561,0.069505199,0.044220991,0.002239873,0.058922735,0.004572915,0.074603913,0.003459159,32.17966667,0.289275532,0.821720142261282,0.1523073611210537,0.5893839344604738,1.0879215271046547,0.0,446.340230533924,5.49744842824805,437.29692786945594,455.38353319839206,366.7667577312694,68.13082787498978,254.69154587691122,478.8419695856276
FT_895,44.75,6.157166667,36.63366337,7125,-4.38637936,0.023829953,-9.465552534,0.016705289,6,6,0.289088956,-23.56027629,0.613700913,15.90502525,3.227676767,-6.343616667,0.367781155,0.08037,0.03311375,0.047448375,0.985,0.0,0.0,0.0,0.0,0.0,0.0,0.0,0.0,2,2,2,2,2,0.697890075,0.0,0.4120163,0.0,0.590374207,0.0,0.03361802,0.0,0.048170939,0.0,0.081593909,0.0,27.42866667,0.092153857,0.722653317376338,0.1412300744790254,0.5041144468022213,0.9669491137399188,0.0,474.12259394093735,6.195932655828074e-12,474.1225939409272,474.1225939409475,342.62626535449283,66.96036925446731,232.4764579308941,452.7760727780916
FT_914,45.7,6.192,47.5,6569,-4.033556244,0.019815819,-9.275362641,0.06059923,6,6,0.160040478,-23.8614542,0.681463918,16.22666667,3.24,-6.4098,0.367781155,0.10032,0.047195625,0.063429875,1.2075,0.0,0.0,0.0,0.0,0.0,0.0,0.0,0.0,2,2,2,2,2,0.744059877,0.0,0.470450807,0.0,0.632275469,0.0,0.039085404,0.0,0.052529917,0.0,0.083080745,0.0,25.149,0.334514574,0.8576635952611826,0.1633715056128409,0.6077318992575196,1.1412479425790725,0.0,455.41966391972824,8.929731794637158,440.7302551175501,470.1090727219064,390.5968663100336,74.79573580127027,267.557880916944,513.6358517031232
FT_933,46.65,6.226833333,76.73267327,7813,-5.703182863,0.021200629,-8.343161187,0.057164383,6,6,0.029947587,-24.07134976,0.625566138,17.02976851,3.35611111,-6.475983333,0.367781155,0.13561,0.08644375,0.10002175,1.7275,0.0,0.0,0.0,0.0,0.0,0.0,0.0,0.0,2,2,2,2,2,0.864249526,0.0,0.637443773,0.0,0.737569132,0.0,0.050039797,0.0,0.057899711,0.0,0.078500724,0.0,22.917,0.202457403,0.565986092912823,0.1215940441142483,0.3764219584935979,0.7744275874357013,0.0,417.01063248942637,0.8829096432292872,415.5582461263142,418.46301885253854,236.02221858579554,50.70847156062845,152.60678286856174,319.4376543030294
FT_939,46.95,6.237833333,53.5,6760,-4.766181303,0.049842418,-9.355656279,0.061931414,6,6,0.160424809,-24.13763256,0.607914208,17.28337962,3.392777777,-6.496883333,0.367781155,0.08289125,0.0423425,0.072955,1.2433,0.003392345,0.001127835,0.006130616,0.074811897,0.00239875,0.0007975,0.004335,0.0529,2,2,2,2,2,0.580392022,0.051163442,0.5108199,0.024943252,0.880129085,0.082264502,0.034056543,0.002241053,0.058678517,0.0060647,0.066670353,0.004851637,23.22333333,0.118323004,0.7639795842332315,0.1458439409019734,0.5398306929499052,1.0164289176540389,0.0,446.1414123489623,4.317162882069119,439.0396794079586,453.24314528996604,340.84293071558693,65.15056105995532,233.67025777196042,448.0156036592134
FT_956,47.8,6.269,43.1372549,9800,-3.966720928,0.025345611,-8.965919252,0.049150449,6,6,0.211360546,-23.88246965,0.454213851,18.00194444,3.496666667,-6.507333333,0.367781155,0.0748825,0.0350525,0.06123,1.0619,0.002725897,0.001679379,0.004263854,0.077640325,0.0019275,0.0011875,0.003015,0.0549,2,2,2,2,2,0.572472644,0.048388914,0.468100023,0.028165985,0.817681034,0.064251188,0.033009229,0.002885456,0.057660797,0.005822028,0.070517469,0.005759539,23.384,0.169079863,0.94517349595719,0.16928744535418,0.69216982847491,1.2436991175431271,0.0,366.4814638161966,14.708462259473965,342.2860433993619,390.6768842330313,346.38856635866296,63.57921635145547,241.8007554605187,450.9763772568072
FT_973,48.65,6.325288889,57.21153846,7728,-4.22505378,0.024276875,-9.054672931,0.048746966,6,6,0.110224256,-23.68686303,0.531735901,19.29971605,3.684296297,-6.348511112,0.367781155,0.09609125,0.05364375,0.09562375,1.2932,0.002112482,7.95e-05,0.00200288,0.078913117,0.00149375,5.63e-05,0.00141625,0.0558,2,2,2,2,2,0.560987725,0.011779538,0.558258426,0.012300709,0.995134833,0.030216926,0.041481403,0.002532008,0.073943512,0.004770557,0.074305019,0.00481949,24.46366667,0.221730317,0.8734715872009053,0.1674633513642146,0.6211411183996628,1.1674057534455702,0.0,435.0290496233866,25.27834015082499,393.44618007527947,476.6119191714937,379.9855144530409,76.12392713667491,254.76165431321067,505.2093745928711
FT_991,49.55,6.384888889,62.5,8192,-4.043545436,0.028380745,-9.206174612,0.066176783,6,6,0.103439042,-23.92331541,0.484633785,19.85111111,3.780854701,-6.427688889,0.367781155,0.10434625,0.0658625,0.08526625,1.3648,0.0114074,0.0068554,0.011442755,0.06363961,0.00806625,0.0048475,0.00809125,0.045,2,2,2,2,2,0.772433407,0.131185773,0.631191825,0.095277426,0.817147238,0.141442362,0.048257987,0.005504013,0.062475271,0.008875888,0.076455341,0.009086843,23.48033333,0.100041658,0.982198718460076,0.1835273264339393,0.7097613543362337,1.308022376268407,0.0,461.7942539938637,20.535648486815337,428.0131122330525,495.57539575467496,453.57372446499977,87.118947546486,310.26305575103027,596.8843931789693
FT_1007,50.35,6.437866667,52.0,7473,-3.695196087,0.020405882,-9.247175067,0.017915543,6,6,0.170279814,-23.97432499,0.388357939,19.32133333,3.740102564,-6.337626666,0.367781155,0.082265,0.04486,0.07062375,1.181,0.000997021,0.001131371,0.002830195,0.026587215,0.000705,0.0008,0.00200125,0.0188,2,2,2,2,2,0.635197083,0.030076411,0.545310886,0.015258335,0.858490853,0.035942295,0.037984759,0.001284121,0.059799958,0.00274869,0.06965707,0.001780956,25.94466667,0.127020996,1.057668668121603,0.1888148764411801,0.7802896595940005,1.393045118869482,0.0,442.893504161011,10.836609787441729,425.06728106066936,460.7197272613526,468.4345826656861,84.40668156907442,329.5855914845587,607.2835738468135
FT_1018,50.9,6.474288889,73.03921569,7014,-4.495232868,0.023289483,-9.362843017,0.023387319,6,6,0.051980475,-23.31690792,0.438878736,18.95711111,3.71208547,-6.367872223,0.366695373,0.10154125,0.06615625,0.08450625,1.4714,0.008780498,0.007253148,0.00919062,0.031112698,0.00620875,0.00512875,0.00649875,0.022,2,2,2,2,2,0.782856298,0.12089544,0.651520934,0.090974432,0.832235668,0.115634243,0.044961431,0.005020261,0.057432547,0.006363134,0.069009957,0.006143265,19.50666667,0.099485342,0.7527736580467953,0.1487960111405958,0.5294043567801119,1.0138889298906286,0.0,457.80299984472015,11.664607953029687,438.6147197619863,476.991279927454,344.62203885790643,68.68286712323768,231.63872244018046,457.6053552756324
FT_1038,51.9,6.540511111,66.17647059,10063,-4.462898048,0.016194649,-9.049506207,0.037329613,6,6,0.123210573,-24.22362422,1.486938492,16.63099347,3.610862745,-6.425182222,0.367204323,0.08632875,0.0540575,0.0750775,1.2652,0.00842341,0.006134151,0.012264767,0.064205296,0.00595625,0.0043375,0.0086725,0.0454,2,2,2,2,2,0.720022643,0.143216524,0.626181892,0.093712237,0.869669722,0.165483243,0.042726446,0.005311114,0.05934042,0.010150894,0.068233283,0.007504385,20.24066667,0.358799851,0.8162745845736358,0.2318437438545241,0.453220726839439,1.211983794456994,0.0,443.9626776023845,25.242459438128535,402.43883182666303,485.4865233781059,362.39545022608536,104.97206991263043,189.7163952198083,535.0745052323624
FT_1054,52.7,6.591949153,63.10679612,7320,-5.138429105,0.01220519,-9.179840987,0.047486489,6,6,0.152086494,-24.32142924,0.549604252,14.42218343,3.52008973,-6.478167374,0.367781155,0.10036875,0.06626125,0.09023125,1.2947,0.005899038,0.001596294,0.015094962,0.03549676,0.00417125,0.00112875,0.01067375,0.0251,2,2,2,2,2,0.734349242,0.12411799,0.660178093,0.041934117,0.898997447,0.159406571,0.051178845,0.001867896,0.069692786,0.01181458,0.077522785,0.005027658,18.714,0.094026592,0.6391461853963973,0.1240568974533264,0.4480219662626479,0.853800401145543,0.0,474.022471455339,11.758444355968445,454.6798304897709,493.36511242090705,302.96965442285256,59.28404322227335,205.4474033222129,400.4919055234922
FT_1070,53.5,6.641847458,47.54901961,7672,-5.781125319,0.02754935,-8.87850431,0.017784825,6,6,0.17430842,-24.57386882,0.249199655,12.27949151,3.432033898,-6.476813557,0.367781155,0.09178,0.04919125,0.082325,1.1974,0.006873078,0.003374667,0.004879037,0.046386205,0.00486,0.00238625,0.00345,0.0328,2,2,2,2,2,0.597525053,0.05417011,0.535969165,0.05443281,0.896981913,0.08566241,0.041081719,0.003236627,0.068753132,0.004867957,0.076649407,0.006462549,17.72466667,0.156308456,0.5138662225314299,0.0929784494522722,0.3689709691948916,0.6745695686069317,0.0,375.9429400933414,0.02929841148605902,375.89474420644683,375.991135980236,193.18437851312498,34.95459489471366,135.68406991132102,250.68468711492895
FT_1086,54.3,6.691745763,41.81818182,7274,-6.490788297,0.020659138,-9.346063923,0.028052926,6,6,0.122385759,-23.94934878,0.082253039,13.6031568,3.975391954,-6.210689264,0.367781155,0.10028875,0.057325,0.100975,1.3236,0.008168851,0.004659834,0.018130218,0.111440029,0.00577625,0.003295,0.01282,0.0788,2,2,2,2,2,0.567714781,0.111893827,0.571599506,0.065777119,1.006842742,0.198512527,0.043309912,0.005068643,0.076288154,0.015128827,0.075769681,0.008876178,19.551,0.565249502,0.3627182017946601,0.0835847786987451,0.2334524399357571,0.5079398035538348,0.0,448.0540028561518,10.381334124641528,430.9767082211165,465.13129749118707,162.51734222288286,37.63932163140455,100.60065813922238,224.43402630654333
FT_1099,54.95,6.732288136,50.46728972,7136,-3.921392268,0.031424513,-9.542539277,0.050393452,6,6,0.182595049,-24.84828919,0.485440067,16.28908901,4.710222465,-6.071410412,0.367781155,0.09905,0.04671875,0.081209375,1.25,0.0,0.0,0.0,0.0,0.0,0.0,0.0,0.0,2,2,2,2,2,0.575287644,0.0,0.471668349,0.0,0.819882635,0.0,0.037375,0.0,0.0649675,0.0,0.07924,0.0,28.78566667,0.540187313,0.9805242105069868,0.1874922093139329,0.7041404468607029,1.3123990212886711,0.0,436.53490723827105,7.503331289626658e-12,436.5349072382587,436.5349072382834,428.0330452785464,81.8468942007562,293.39490431830245,562.6711862387904
FT_1102,55.1,6.741644068,43.80952381,8307,-6.506287832,0.009137833,-9.578702668,0.043847083,6,6,0.186447259,-24.64648834,0.396429618,16.90891951,4.879798733,-6.080098063,0.367781155,0.08258125,0.0489825,0.07693375,1.1675,0.002123088,0.001127835,0.001391233,0.007495332,0.00150125,0.0007975,0.00098375,0.0053,2,2,2,2,2,0.63668416,0.01864057,0.593143117,0.020470915,0.931612806,0.02928245,0.041955032,0.001002874,0.065896146,0.001264502,0.070733405,0.001874333,25.442,0.069346954,0.4781222275273063,0.1115550852858356,0.3092634146522177,0.6725347141714175,0.0,436.53490723827105,7.503331289626658e-12,436.5349072382587,436.5349072382834,208.7170422421882,48.69768880720966,128.6093441543283,288.8247403300481
FT_1118,55.9,6.791542373,45.19230769,6562,-6.311127017,0.030994623,-9.375727029,0.031757939,6,6,0.127608077,-24.71396725,0.184010385,20.21468221,5.784205511,-6.126432204,0.367781155,0.0927375,0.05422625,0.09316625,1.1887,0.000590434,0.001023537,0.019182039,0.098287843,0.0004175,0.00072375,0.01356375,0.0695,2,2,2,2,2,0.582037487,0.120338479,0.5847284,0.011647877,1.004623265,0.206941185,0.045618112,0.003868973,0.078376588,0.017389662,0.0780159,0.006469852,26.87433333,0.093361305,0.5812616321960998,0.1374971064292217,0.378665310130318,0.8262157609777664,0.0,438.46425726421626,10.930133424529783,420.4841877808648,456.44432674756774,254.86244983704896,60.62140460428572,155.14023926299893,354.584660411099
FT_1133,56.65,6.838322034,28.84615385,6376,-4.983500157,0.035886859,-8.951444618,0.022313673,6,6,0.14496094,-24.38874587,0.198695873,21.88624294,5.918290958,-6.16987046,0.367781155,0.0812075,0.04926625,0.0817525,1.0812,0.002513765,0.001062428,0.003425932,0.077498903,0.0017775,0.00075125,0.0024225,0.0548,2,2,2,2,2,0.602626831,0.02840141,0.606671182,0.022887285,1.006711203,0.052448851,0.045566269,0.003410742,0.075612745,0.006278111,0.075108676,0.005864263,28.80333333,0.315949891,0.8473558751036085,0.1964317136349061,0.5670192280358954,1.2010784390588898,0.0,296.8293420534452,2.9558577807620168e-12,296.8293420534403,296.8293420534501,251.52008689212542,58.30669631667994,155.6055714511869,347.43460233306394
FT_1166,58.3,6.947,61.5,6709,-7.502424632,0.008936815,-9.938659467,0.035216,6,6,0.060882973,-24.45900285,0.345290674,20.7,3.8,-6.119730769,0.367781155,0.12956,0.0805525,0.10034,1.53055,0.017387756,0.003461288,0.020279822,0.040969767,0.012295,0.0024475,0.01434,0.02897,2,2,2,2,2,0.802795495,0.16588024,0.621738963,0.08761374,0.774467428,0.18789445,0.052629774,0.002664382,0.065558133,0.013365726,0.084649309,0.01158423,19.941,0.179774859,0.3872413117430909,0.0888082512532685,0.2496023219109486,0.5407105311480898,0.0,488.28450340309115,42.99841539659161,417.55211007569795,559.0168967304844,189.08393160163675,46.450594826760856,112.67270311161514,265.49516009165836
FT_1178,58.9,7.019,55.88235294,8396,-7.477425381,0.012372011,-9.742682988,0.03521032,6,6,0.040267247,-24.35576008,2.110770779,20.7,3.8,-6.061576923,0.367781155,0.131715,0.0868625,0.104665,1.59245,0.001555635,0.003022881,0.016496801,0.049935881,0.0011,0.0021375,0.011665,0.03531,2,2,2,2,2,0.829909712,0.133956949,0.659473105,0.024235828,0.79463235,0.12559732,0.054546454,0.002555204,0.065725768,0.010562417,0.082712173,0.002771547,17.181,1.092232118,0.3778761445250972,0.2118590412842336,0.0357598649259058,0.7313222165268172,0.0,460.6551260742816,20.23445254883437,427.36945163144907,493.94080051711416,174.07058299667213,97.89301731387407,13.0365695153493,335.10459647799496
FT_1189,59.45,7.085,48.51485149,7073,-6.544453355,0.034500242,-9.285071243,0.028074306,6,6,0.094159681,-25.20305748,0.663702833,20.7,3.8,-6.008269231,0.367781155,0.118485,0.0751175,0.1042725,1.46459,0.008718627,0.004076471,0.004628014,0.020520239,0.006165,0.0028825,0.0032725,0.01451,2,2,2,2,2,0.720396078,0.050504505,0.633983205,0.057965779,0.880048107,0.075625597,0.051289098,0.002874621,0.071195693,0.003313646,0.080899774,0.006059897,18.89633333,0.14142607,0.591541318424453,0.1207385901194971,0.4036399815490152,0.800329224173075,0.0,446.76546005808484,6.338164895869292,436.33917880437986,457.1917413117898,264.2802292692668,54.07197390919859,175.3318321886351,353.2286263498985
FT_1199,59.95,7.1306,54.0,5619,-6.72808534,0.033278622,-9.453604468,0.023897001,6,6,0.085556492,-25.0098708,0.464757198,20.7,3.8,-5.981135714,0.367781155,0.1173575,0.083585,0.117415,1.41442,0.000611647,0.007657966,0.003415326,0.052325902,0.0004325,0.005415,0.002415,0.037,2,2,2,2,2,0.711876677,0.068429515,0.712225465,0.065358815,1.000489956,0.029565354,0.059094894,0.00583893,0.083012825,0.003906626,0.082972172,0.003099834,19.463,0.104747315,0.541493779833491,0.1060187318326992,0.3786741840005581,0.7244264331186239,0.0,455.41612759750336,0.15398185677165563,455.162827443114,455.6694277518927,246.60500032990353,48.28271229944094,167.1799385973232,326.03006206248386
FT_1209,60.45,7.173886364,49.00990099,7582,-6.612922586,0.021404828,-8.980301685,0.023627667,6,6,0.084290228,-24.46492905,0.521780541,20.7,3.8,-5.985773539,0.367781155,0.1147825,0.0710675,0.11501,1.44246,0.001658165,0.002202638,0.004058793,0.067090291,0.0011725,0.0015575,0.00287,0.04744,2,2,2,2,2,0.617924528,0.029023005,0.619149261,0.021171777,1.001982009,0.038208645,0.049268264,0.002753685,0.079731847,0.00465508,0.07957413,0.003875486,17.75933333,0.073704364,0.5063847619423247,0.108559180506453,0.3393267870760688,0.6941140099348128,0.0,375.92606645803266,3.9907975590863423,369.36120447333565,382.4909284427297,190.36323167126542,40.86023096328952,123.14815173665417,257.5783116058767
FT_1220,61.0,7.216636364,55.28846154,5921,-6.421095771,0.042949583,-9.17728897,0.026257697,6,6,0.091802224,-24.08803176,0.389189098,20.7,3.8,-5.990353896,0.367781155,0.1132925,0.0670575,0.11755,1.4159,0.004776506,0.00526441,0.006943789,0.021496046,0.0033775,0.0037225,0.00491,0.0152,2,2,2,2,2,0.570459379,0.056046156,0.591897081,0.052744353,1.037579716,0.075300781,0.047360336,0.003786952,0.0830214,0.005063533,0.080014478,0.003585529,24.33833333,0.120138809,0.4963730781006197,0.1040963905677997,0.3356142750507964,0.6771324488904585,0.0,461.7967314905573,0.6921939869382557,460.6580723820439,462.93539059907073,229.22346506677331,48.07260078745999,150.14403677140163,308.302893362145
FT_1230,61.5,7.2555,52.0,6629,-6.346931625,0.02945788,-9.067796038,0.035863166,6,6,0.111331419,-24.2675,0.123743687,20.7,3.8,-5.994517857,0.367781155,0.10811,0.0614125,0.1092375,1.35611,0.003825448,0.004620943,0.016889245,0.007990307,0.002705,0.0032675,0.0119425,0.00565,2,2,2,2,2,0.562192471,0.096667786,0.568055684,0.047233385,1.010429192,0.160261954,0.045285781,0.00341793,0.080552094,0.012463226,0.079720672,0.002859738,25.17233333,0.169512045,0.5262599256968801,0.0997116396788589,0.3739583201144961,0.7004239062356442,0.0,414.5544072887817,44.19882190622968,341.8473452530339,487.2614693245295,218.16337157710842,47.43086969845553,140.13959092314906,296.1871522310678
FT_1241,62.05,7.29825,51.36363636,6192,-6.572923946,0.016166838,-9.675256827,0.035370421,6,6,0.059199029,-24.24390063,0.079664672,20.7,3.8,-5.999098214,0.367781155,0.1125525,0.0725775,0.1013125,1.4489,0.005709887,0.0068554,0.011182894,0.079478802,0.0040375,0.0048475,0.0079075,0.0562,2,2,2,2,2,0.71637261,0.104073373,0.644832412,0.069137372,0.900135492,0.109348532,0.050091449,0.005471448,0.069923735,0.008618739,0.077681344,0.005804126,25.20966667,0.117005698,0.4890132477727976,0.094940150076833,0.3440031449073393,0.6541193703595062,0.0,437.1177932706058,6.281716081777863,426.7843703160812,447.45121622513034,213.75639174653725,41.61356285945171,145.3020808427392,282.2107026503353
FT_1253,62.65,7.343833333,55.76923077,6279,-6.419429161,0.019592516,-9.150457369,0.024221891,6,6,0.11945356,-25.05268147,0.765445096,20.7,3.8,-6.003982143,0.367781155,0.09971,0.0701225,0.092955,1.49301,0.006583164,0.006431136,0.008004449,0.002955706,0.004655,0.0045475,0.00566,0.00209,2,2,2,2,2,0.754370394,0.094901947,0.703264467,0.079472938,0.932253535,0.101157699,0.0469672,0.0043085,0.062260132,0.005362699,0.066784549,0.004411305,24.19666667,0.129403761,0.5959354526272974,0.1288025371104905,0.3954714353914875,0.8187344841606795,0.0,461.85816541766275,1.519578122348789,459.358459406399,464.3578714289265,275.2376548577881,59.495395666261274,177.36772898678828,373.10758072878787
FT_1267,63.35,7.3921,67.61904762,6806,-6.798416283,0.038619511,-8.602659395,0.023762716,6,6,0.057295817,-24.6062844,0.607828792,20.7,3.8,-6.009153571,0.367781155,0.1274375,0.0983325,0.116355,1.83182,0.001304612,0.00459973,0.013760298,0.117549431,0.0009225,0.0032525,0.00973,0.08312,2,2,2,2,2,0.845107645,0.107477827,0.771613536,0.036948271,0.913035802,0.108380641,0.05368022,0.004262768,0.063518796,0.008546439,0.06956879,0.00452074,16.22933333,0.290792595,0.4930214921702863,0.1104282185295747,0.3213333087002046,0.682689754171264,0.0,416.34202612039695,2.380645345874348,412.42586452643366,420.25818771436025,205.2655669710784,45.990887492866534,129.61055704531296,280.92057689684384
FT_1278,63.9,7.446444444,61.21495327,6596,-6.411373616,0.029364378,-9.134833333,0.031845984,6,6,0.136182212,-24.88049949,0.728050119,20.7,3.8,-6.004194445,0.367781155,0.1093375,0.075,0.1117825,1.51195,0.006862471,0.006264966,0.013148651,0.007566043,0.0048525,0.00443,0.0092975,0.00535,2,2,2,2,2,0.67094581,0.096797451,0.685949468,0.071671302,1.022361953,0.136306068,0.049604815,0.004151062,0.07393267,0.008704351,0.072315553,0.004553225,16.054,0.103377947,0.5793202142782209,0.1249651327093876,0.3850309488119829,0.79361274081987,0.0,473.70350944852805,5.283818620118165,465.0116278184337,482.3953910786224,274.4260185980665,59.27551121594881,176.91780264783068,371.9342345483023
FT_1290,64.5,7.489777778,62.85714286,5751,-6.822689684,0.01602498,-9.0615,0.006024948,6,6,0.101764863,-25.04422222,0.78969704,20.7,3.8,-5.967873015,0.367781155,0.11764,0.07814,0.1088225,1.60382,0.001159655,0.004087077,0.008029198,0.00913582,0.00082,0.00289,0.0056775,0.00646,2,2,2,2,2,0.718050036,0.064941363,0.664229854,0.035353873,0.925046753,0.068858735,0.048721178,0.002563407,0.067852066,0.005021194,0.073349877,0.000835098,16.57766667,0.101214294,0.5300104633253985,0.1219189919298458,0.3409278911746833,0.7388727850705628,0.0,448.08484043183995,25.167307819936887,406.6846190680438,489.4850617956361,237.48965388636674,56.23495187831473,144.98315804653902,329.99614972619446
