Sample ID,Age (Ma),ratio_1R,ratio_Sz,ratio_1R_std,ratio_Sz_std,combined_1sigma,within_combined_1sigma
2-SL01_570,4.16447021,0.40917525900071916,0.679763289981396,0.137649457870391,0.022363259496569417,0.1394542528118933,False
2-SL01_630,4.195812292,0.9574682468571972,0.6191708284917592,0.2501140528976928,0.08010466256490317,0.2626286283358059,False
2-SL01_960,4.51234359,0.3099276847237118,0.523787383037583,0.10272772974274198,0.015880126427695193,0.10394789499291181,False
2-SL01_1190,4.721494928,0.665336018230655,0.5640183897345894,0.1561178038820059,0.048375024811650714,0.16344085081297235,True
2-SL01_1220,4.76257971,0.4769120539404055,0.5195980948426587,0.11979080840786732,0.020803623508688605,0.12158383334186185,True
2-SL01_1430,5.052685897,0.42590769403984413,1.323618185038792,0.13603763758540266,0.15393414235360214,0.20543115397124265,False
2-SL01_1650,5.324908334,0.2997059016090676,0.49246976676898646,0.1418731045034848,0.01971317751942661,0.1432361237585308,False
2-SL01_1680,5.35429697,0.2314934218547751,0.5538899154648179,0.1256082106997442,0.01921013740633075,0.1270686899844389,False
2-SL01_1840,5.470116815,0.5762302230766826,0.737207041495973,0.21135580559540387,0.04902984187730806,0.21696820493656666,True
2-SL01_2150,5.694517766,0.8522879457906292,0.9986973518699099,0.2521630449643063,0.015069033520804052,0.25261289954577115,True
2-SL01_2190,5.723472727,1.0110920615584116,1.1664880422563932,0.3006528593013163,0.005955938220838123,0.30071184713301125,True
2-SL01_2360,5.856799508,0.7640056028370897,0.8044274733880337,0.20371380855109014,0.011849882598739583,0.20405816698185378,True
2-SL01_2440,5.919541523,0.5245536327451977,0.6824866029275527,0.18406568982734264,0.02561606171847182,0.18583961038912042,True
2-SL01_2500,5.966598034,0.91132835573285,0.8494160464809833,0.22280796484578988,0.02448538171952798,0.2241493321798522,True
2-SL01_2510,5.974440786,1.432758137471146,1.043518507255017,0.3137495692183924,0.05381489348452574,0.31833132887838367,False
2-SL01_2550,6.005811793,0.6643340217711272,0.7709873583507765,0.17803400969316194,0.05466814577081372,0.18623832787437666,True
2-SL01_2570,6.019332911,0.6651709372620107,0.7200820271891021,0.17488259690359512,0.061784113455074785,0.18547560318051237,True
2-SL01_2610,6.042046377,0.6025614242501577,0.6070971464722742,0.16294391562711166,0.03828405171998796,0.167380967424597,True
2-SL01_2650,6.064759842,0.9270037612777546,0.624741427382172,0.21126463671693416,0.031244247279923337,0.21356251945326726,False
2-SL01_2710,6.098830041,1.2126124175391833,1.0717484765635932,0.2949625719603868,0.009188860184808233,0.2951056658368021,True
2-SL01_2800,6.149935338,1.5082539127107772,0.9333534207435519,0.366633664235162,0.04008189995338623,0.36881811568085265,False
2-SL01_2840,6.172648804,1.3137731728291997,1.0501485615891244,0.3117316415639349,0.033086977382287525,0.31348263815471755,True
2-SL01_2860,6.184005536,0.6756584334953346,0.9118729122230245,0.16645421003254093,0.052589258231919254,0.1745641260939393,False
2-SL01_2960,6.2407892,0.9408752847618227,0.9815949197514919,0.22132367956849466,0.015352997722600003,0.2218555513770342,True
2-SL01_3000,6.263502666,0.876327857057008,0.7975005303570037,0.20189000463942924,0.021755088879630607,0.2030587547126924,True
2-SL01_3040,6.286216131,0.6469959906979048,0.7895959866450024,0.15980501211585846,0.03302581227082165,0.16318194193444696,True
2-SL01_3050,6.291894497,0.7906760156136345,0.8919028481188392,0.19209786773502593,0.03718991846882533,0.19566471532716725,True
2-SL01_3100,6.320286329,0.7431730924508404,0.8939188476619742,0.19467991386898587,0.06149588108371863,0.2041617306311313,True
2-SL01_3230,6.394105092,0.7825913921074035,0.9998665763079494,0.20186766160383293,0.04101877626899925,0.2059929435878953,False
2-SL01_3290,6.42817529,0.8451294883065347,0.953008588821652,0.20068161177537752,0.03901412480228865,0.20443877136896488,True
2-SL01_3300,6.433853657,0.6510037045376904,1.0485386430229495,0.15694186228088688,0.030797652183628354,0.15993512283490646,False
2-SL01_3360,6.467923855,1.2199923858029742,1.0058126765096729,0.30622096127159915,0.028411109867955434,0.3075361251723629,True
