Sample ID,Depth(m),Age (Ma),Xlf,Ampl  46,d13Cc,d13Cc_std,d18Oc,d18Oc_std,d13Cc_n,d18Oc_n,Cal%,d13Co,d13Co_std,Temperature,Temperature_std,d13Ca,d13Ca_std,aAl,aFe,aSi,fFe,aAl_std,aFe_std,aSi_std,fFe_std,aAl_sem,aFe_sem,aSi_sem,fFe_sem,aAl_n,aFe_n,aSi_n,fFe_n,n_measurements_max,aFe/aSi,aFe/aSi_std,aFe/aAl,aFe/aAl_std,aSi/aAl,aSi/aAl_std,aFe/fFe,aFe/fFe_std,aSi/fFe,aSi/fFe_std,aAl/fFe,aAl/fFe_std,D,D_std,R,R_std,R_90_low,R_90_high,Xlf_std,Sz_mean,Sz_std,Sz_90_low,Sz_90_high,CO2_mean,CO2_std,CO2_90_low,CO2_90_high
FT_527,26.35,4.012352941,105.8823529,10585,-4.543883568,0.017247222,-9.409347936,0.053638606,6,6,0.070618123,-23.46797948,0.426849898,20.5882353,3.442647059,-6.235114244,0.254292186,0.17183,0.1280425,0.12927,2.0375,0.0,0.0,0.0,0.0,0.0,0.0,0.0,0.0,2,2,2,2,2,0.990504371,0.0,0.745169644,0.0,0.752313333,0.0,0.062842945,0.0,0.063445399,0.0,0.084333742,0.0,23.168,0.140545366,0.6613227860944392,0.1208631281281874,0.4794573847414609,0.8729562853022472,0.0,464.1380392722704,1.1122593060278925,462.3083727138545,465.9677058306863,306.9450612639481,56.10199755631613,214.65727528380808,399.23284724408813
FT_529,26.45,4.03,106.5,6061,-4.714391429,0.030130826,-9.384641402,0.016157558,6,6,0.075989334,-23.254635,0.400643216,20.5,3.414285714,-6.236280992,0.255444749,0.142,0.11094,0.13203,1.86249,0.009899495,0.011228856,0.012770348,0.121212244,0.007,0.00794,0.00903,0.08571,2,2,2,2,2,0.840263576,0.117636741,0.781267606,0.096018835,0.929788732,0.110857574,0.05956542,0.007167702,0.070888971,0.008264225,0.07624202,0.007271287,15.565,0.178896618,0.5959177142029894,0.1117962619890724,0.4268048769658539,0.7921267872778127,0.0,442.2401706293126,14.068083986083685,419.09817247220496,465.38216878642027,263.53875161016,50.146527727817315,181.04771349790047,346.0297897224195
FT_533,26.65,4.065294118,100.0,11759,-4.101218021,0.007194906,-8.686161127,0.066273424,6,6,0.096598622,-22.98686358,0.453278434,20.32352941,3.357563025,-6.238614487,0.257749873,0.142,0.1146675,0.1376225,1.8692,0.014142136,0.012257696,0.020679338,0.041295036,0.01,0.0086675,0.0146225,0.0292,2,2,2,2,2,0.833203146,0.153647695,0.807517606,0.117979933,0.969172535,0.174712348,0.061345763,0.006696305,0.073626418,0.011182138,0.075968329,0.00774979,15.65733333,0.026388129,0.688915091652402,0.1290049743986664,0.4957334396974267,0.9160548853979452,0.0,425.3538869401035,14.644191260406808,401.2641923167343,449.4435815634727,293.03271200604684,55.79247734811829,201.25408676839226,384.8113372437014
FT_539,26.95,4.118235294,100.0,8727,-4.482222209,0.025607941,-9.477472114,0.041731283,6,6,0.073017376,-23.31678089,0.853198581,20.05882353,3.272478992,-6.24211473,0.26120756,0.1475,0.1184975,0.14252,1.9541,0.013435029,0.014845707,0.013463313,0.048224682,0.0095,0.0104975,0.00952,0.0341,2,2,2,2,2,0.83144471,0.130459074,0.803372881,0.124437932,0.966237288,0.126795651,0.060640448,0.007743203,0.072933831,0.007121005,0.075482319,0.00712319,16.94133333,0.187203989,0.642019354400518,0.1501636948269155,0.4095534961339944,0.9016296982709958,0.0,450.6541288397361,19.987224352308875,417.775144780188,483.53311289928416,289.32867285561525,68.87778698333643,176.0247132680268,402.6326324432037
FT_547,27.35,4.19375,93.2038835,9625,-4.221386009,0.025539512,-9.504471352,0.053147907,6,6,0.10657837,-22.5713806,0.551509707,19.68125,3.151116071,-6.247107438,0.266139566,0.132,0.095243288,0.121841284,1.8047,0.012727922,0.006000915,0.009675036,0.105641753,0.009,0.004243288,0.006841283,0.0747,2,2,2,2,2,0.781699645,0.079238401,0.721540061,0.083109698,0.923040027,0.115298647,0.052775136,0.004538772,0.067513317,0.006660261,0.073142351,0.008250542,17.05733333,0.294002268,0.5897255975186693,0.1221067215038046,0.4039401487157042,0.8032074069686191,0.0,438.24090183584053,11.148925225156544,419.900919840458,456.58088383122305,258.4418776922615,53.914555762109146,169.75243346359198,347.1313219209311
FT_549,27.45,4.22125,92.52336449,8125,-4.177552193,0.029473717,-9.590135599,0.020321581,6,6,0.11722945,-22.39643506,0.49413254,19.54375,3.106919643,-6.24892562,0.267935643,0.1315,0.09375394,0.116873268,1.58136,0.013435029,0.006723086,0.009720268,0.124507362,0.0095,0.00475394,0.006873268,0.08804,2,2,2,2,2,0.80218464,0.088092306,0.712957719,0.088992755,0.888770095,0.11708626,0.059286905,0.006313822,0.073906806,0.00846426,0.083156271,0.010725967,16.60866667,0.121631959,0.5734348099411499,0.117015972977577,0.3958770998115361,0.7767503592738262,0.0,443.9386181543026,11.62239867099892,424.8197723405094,463.0574639680958,254.56985712684926,52.37368949349006,168.4151379100581,340.7245763436404
FT_559,27.95,4.342777778,93.2038835,4098,-4.392396891,0.054919638,-9.907265578,0.048269038,6,6,0.169993071,-23.0873127,1.525063741,18.93611111,2.911607142,-6.256960514,0.275872848,0.15559,0.08900375,0.093306125,1.8075,0.0,0.0,0.0,0.0,0.0,0.0,0.0,0.0,2,2,2,2,2,0.953889683,0.0,0.572040298,0.0,0.5996923,0.0,0.049241355,0.0,0.051621646,0.0,0.086080221,0.0,21.253,0.220061355,0.6037286661980423,0.2155685475386109,0.2600574977010031,0.9688995715646768,0.0,699.3213184491769,10.832553153949148,681.5017685109306,717.1408683874233,422.200326831178,150.89347195792675,173.9805654603885,670.4200882019675
FT_561,28.05,4.363888889,84.86238532,11740,-4.156218625,0.012812754,-9.327809674,0.052784152,6,6,0.064344333,-23.08374274,1.523761845,19.12435898,2.90534188,-6.25835629,0.277251654,0.1425,0.105078245,0.132939559,1.67294,0.012020815,0.007181723,0.006985591,0.012247089,0.0085,0.005078245,0.004939559,0.00866,2,2,2,2,2,0.790421194,0.068143451,0.737391193,0.080057969,0.932909186,0.092716511,0.062810528,0.004317431,0.079464631,0.004215966,0.085179385,0.00721245,15.957,0.092244241,0.6594008663127325,0.2256623687266413,0.3008855636820721,1.040298229001474,0.0,451.7235324405764,16.924912310694705,423.8820516894836,479.56501319166915,297.8668886251638,102.54611052226885,129.17853681603157,466.5552404342961
FT_567,28.35,4.427222222,98.5,8464,-4.463388669,0.021360399,-9.738464744,0.039611867,6,6,0.072091635,-22.95024132,1.007916211,20.14743589,2.929700855,-6.262543618,0.281388072,0.148,0.109711234,0.138269351,1.7514,0.0,0.000408377,0.001033294,0.072690577,0.0,0.000288766,0.000730649,0.0514,2,2,2,2,2,0.793460251,0.006624414,0.741292122,0.002759303,0.934252372,0.006981714,0.06264202,0.002610346,0.078947899,0.003329366,0.084503826,0.00350727,16.36966667,0.753130356,0.601505035499983,0.1608304902265354,0.3491627787765114,0.8754910053809827,0.0,454.6556678780583,34.604716532869624,397.73090918148773,511.58042657462886,273.47767364725996,76.02736120331232,148.41266446781117,398.54268282670876
FT_574,28.7,4.494,86.57407407,8770,-4.040551469,0.017258814,-9.318456551,0.032519225,6,6,0.1244271,-22.8094793,0.46401581,21.22615385,2.955384615,-6.266958678,0.285749454,0.1395,0.097870986,0.134718737,1.54111,0.003535534,0.001596667,0.012330155,0.062918361,0.0025,0.001129014,0.008718737,0.04449,2,2,2,2,2,0.726483847,0.067539572,0.701584129,0.021146466,0.96572571,0.091714417,0.063506814,0.002792107,0.087416691,0.008760737,0.090519171,0.004349774,16.95133333,0.113957594,0.7069379706900858,0.127699249603303,0.5140277105318274,0.932173905102029,0.0,448.7553851803243,6.986224961173091,437.2630451191946,460.247725241454,317.24222133562625,57.518155784670824,222.62485506984274,411.85958760140977
FT_579,28.95,4.529,84.5,8862,-4.134215795,0.02096346,-9.379286694,0.047596919,6,6,0.10877247,-23.15977794,0.540387213,21.79153846,2.968846154,-6.269272727,0.288035369,0.1415,0.092349836,0.131168388,1.49004,0.003535534,0.006576325,0.001176077,0.147021642,0.0025,0.004650164,0.000831612,0.10396,2,2,2,2,2,0.704055584,0.05053236,0.652649018,0.049253659,0.926985074,0.024607875,0.061978092,0.007541666,0.088030112,0.008721683,0.094963894,0.00966581,15.70966667,0.181720481,0.7489608486230868,0.136832155354086,0.5422519738415882,0.9897104841146884,0.0,449.6222828901596,7.299638949716574,437.61437681787584,461.6301889624434,336.7494865532635,61.76522375982957,235.1456934683439,438.35327963818315
FT_587,29.35,4.585,88.23529412,10018,-4.487873625,0.020755722,-9.236960825,0.046720445,6,6,0.104994839,-23.35823678,0.569342407,22.69615385,2.990384615,-6.272975207,0.291692833,0.133,0.092421559,0.129835797,1.57969,0.008485281,0.002010387,0.01532413,0.097453457,0.006,0.001421559,0.010835797,0.06891,2,2,2,2,2,0.711834186,0.0854306,0.694898936,0.046839959,0.976208996,0.130974729,0.058506136,0.003827128,0.082190681,0.01094594,0.084193734,0.007472007,16.77766667,0.087797115,0.7187551564402457,0.1339078039158449,0.5160189561459038,0.9549099310679574,0.0,461.4927121832441,14.33569010014823,437.9105019685003,485.07492239798796,331.7002665413009,62.65059729261645,228.6400339949468,434.760499087655
FT_593,29.65,4.628181818,96.22641509,6606,-5.251854537,0.019068298,-9.810764066,0.031726435,6,6,0.047945696,-23.40989248,0.550979249,23.39370629,3.006993007,-6.275830203,0.294513118,0.1425,0.107341634,0.125213698,1.8143,0.000707107,0.005173712,0.002526213,0.020223254,0.0005,0.003658367,0.001786303,0.0143,2,2,2,2,2,0.857267501,0.044792862,0.753274621,0.036498651,0.878692614,0.018256142,0.059164214,0.002926893,0.06901488,0.001590768,0.078542689,0.000958315,16.85266667,0.134945668,0.5814719719891405,0.114770376888477,0.4062459902950708,0.7816276904489118,0.0,519.9920962044249,34.45619909103786,463.3116486996676,576.6725437091822,302.3608295987538,62.952990960438285,198.80315946883283,405.91849972867476
FT_597,29.85,4.660909091,95.71428571,8247,-5.315982329,0.026643949,-10.22521299,0.033098338,6,6,0.077397661,-23.44904206,0.537061909,23.92237762,3.01958042,-6.277993989,0.296650598,0.14819,0.10748875,0.10368925,1.8325,0.0,0.0,0.0,0.0,0.0,0.0,0.0,0.0,2,2,2,2,2,1.036643143,0.0,0.725344153,0.0,0.699704771,0.0,0.058656889,0.0,0.056583492,0.0,0.080867667,0.0,20.433,0.095827971,0.5851252786644675,0.113722091024978,0.4113871554080301,0.7825610336367846,0.0,545.1302048643226,6.707523425575346e-12,545.1302048643116,545.1302048643337,318.96946302965506,61.99334677804541,216.99040757977036,420.94851847953976
FT_599,29.95,4.677272727,96.0,7696,-5.034026646,0.016363577,-9.615440976,0.041069453,6,6,0.045814082,-23.46861686,0.530103239,24.18671328,3.025874126,-6.279075883,0.297719337,0.1695,0.137593908,0.164534797,1.9066,0.003535534,0.009059582,0.013484239,0.033092597,0.0025,0.006406092,0.009534797,0.0234,2,2,2,2,2,0.836260235,0.087913587,0.811763469,0.056066765,0.970706767,0.082089281,0.07216716,0.004914021,0.086297491,0.007229275,0.08890171,0.002412404,23.03333333,0.090467305,0.6529102833831449,0.1229308676453713,0.4661758450752387,0.8680035164317277,0.0,464.3988447511014,2.9412109582156742,459.5605527248366,469.23713677736623,303.21078132924674,57.12124191140168,209.24633838499096,397.1752242735025
FT_606,30.3,4.734545455,95.58823529,10362,-4.435708262,0.018904144,-9.415951438,0.032960583,6,6,0.062211313,-23.52810078,0.485139533,25.11188812,3.047902098,-6.282862509,0.301459926,0.172,0.137548795,0.16234092,1.72788,0.021213203,0.019022877,0.010831576,0.079365665,0.015,0.013451206,0.007659081,0.05612,2,2,2,2,2,0.847283574,0.130102485,0.799702294,0.148188032,0.943842555,0.132348937,0.079605525,0.011600694,0.093953816,0.007610548,0.09954395,0.013100797,22.522,0.254536834,0.8280133203471299,0.1446852451122147,0.6126425557335844,1.0833701755144267,0.0,487.0914884255686,40.73766127176487,420.0780356335154,554.1049412176219,403.3182406440807,78.13143502773933,274.79203002344946,531.8444512647119
FT_611,30.55,4.775454545,76.85185185,9211,-4.277878872,0.010695794,-9.659438668,0.047508947,6,6,0.161068557,-23.53834697,0.379421323,25.77272727,3.063636363,-6.285567243,0.304131775,0.10697375,0.08181375,0.109715,1.55927,0.002140766,0.003180213,0.013293607,0.052707739,0.00151375,0.00224875,0.0094,0.03727,2,2,2,2,2,0.745693387,0.094887594,0.764802113,0.033437393,1.025625445,0.125953389,0.052469264,0.002702862,0.070363055,0.008851092,0.06860502,0.002694976,25.74833333,0.381694031,0.8945937211607644,0.1500619228994491,0.6743396413021829,1.1609946062985237,0.0,439.974335504011,7.863156814371774,427.0394425443694,452.90922846365254,393.5982780137678,66.39706673583207,284.37510323332407,502.82145279421155
FT_617,30.85,4.819285714,85.5,6497,-4.627209573,0.037802998,-10.47050575,0.033192871,6,6,0.124511319,-23.54932504,0.26615181,26.48076923,3.080494505,-6.288465171,0.30699447,0.13111,0.066055625,0.076533125,1.6475,0.0,0.0,0.0,0.0,0.0,0.0,0.0,0.0,2,2,2,2,2,0.863098495,0.0,0.503818359,0.0,0.583732171,0.0,0.040094461,0.0,0.046454097,0.0,0.079581184,0.0,20.96233333,0.029143324,0.8249713206883132,0.1360582785805718,0.6257563617271619,1.0675463425569702,0.0,643.501007468207,2.2737367544323206e-12,643.5010074682033,643.5010074682108,530.8698759953069,87.55363934098791,386.84413927938175,674.8956127112319
FT_622,31.1,4.851428571,72.0,7022,-4.273681189,0.019294213,-9.54729921,0.024221203,6,6,0.175114357,-23.59510691,0.440894635,26.99999999,3.092857143,-6.290590319,0.30909378,0.09600875,0.06926625,0.09181875,1.49824,0.007419318,0.003226175,0.005453561,0.054814918,0.00524625,0.00228125,0.00385625,0.03876,2,2,2,2,2,0.754380233,0.05694003,0.72145768,0.06509603,0.956358144,0.093212119,0.046231745,0.002738198,0.061284407,0.004275131,0.064081022,0.005478971,26.50866667,0.073799277,0.9475558390762928,0.1648633709269958,0.7076070667674991,1.241279974993539,0.0,440.7821498347601,1.5693621715595567,438.2005490625446,443.3637506069756,417.66569983652835,72.68404467890201,298.1004463397345,537.2309533333222
FT_627,31.35,4.883571429,94.85981308,7410,-4.779849374,0.035695471,-9.464135227,0.040474272,6,6,0.098397211,-23.93386357,0.594150906,27.09169435,3.122093024,-6.292715466,0.31119309,0.11194875,0.08924125,0.10749,1.89355,0.008883029,0.00256503,0.015966471,0.032739044,0.00628125,0.00181375,0.01129,0.02315,2,2,2,2,2,0.830228393,0.125608955,0.797161648,0.067275977,0.960171507,0.161697408,0.04712907,0.00158081,0.056766391,0.00848896,0.059121095,0.004801278,20.9,0.161780716,0.8603159583871761,0.1578734662142946,0.6247661599101201,1.1385974071352871,0.0,435.2518038778702,7.315711170119296,423.217459003024,447.28614875271643,374.4540727929371,69.00234568705793,260.9452141377268,487.9629314481474
FT_630,31.5,4.9125,92.59259259,7226,-4.800527663,0.02541653,-9.565488776,0.028004761,6,6,0.088553705,-24.55111349,0.60611437,26.64767442,3.169186047,-6.294628099,0.313082469,0.12959,0.083974375,0.087007375,1.8225,0.0,0.0,0.0,0.0,0.0,0.0,0.0,0.0,2,2,2,2,2,0.965140886,0.0,0.648000424,0.0,0.671405008,0.0,0.046076475,0.0,0.047740672,0.0,0.071105624,0.0,21.42833333,0.161401157,0.9259867757218389,0.1620396167533912,0.6843915307527028,1.2105431026685467,0.0,441.09027969926126,6.139089236967266e-12,441.09027969925114,441.0902796992714,408.443765900963,71.47409987611442,290.86887160475476,526.0186601971712
FT_631,31.55,4.92375,107.0754717,5954,-5.074516924,0.017224982,-9.658462289,0.020992856,6,6,0.062293076,-24.79115513,0.610766828,26.475,3.1875,-6.295371901,0.313817227,0.12500125,0.108665,0.11249875,2.09286,0.000220971,0.000205061,0.000899793,0.075151309,0.00015625,0.000145,0.00063625,0.05314,2,2,2,2,2,0.965921844,0.007937807,0.869311307,0.002247814,0.899981,0.007371991,0.051921772,0.001867002,0.053753596,0.001977509,0.059727478,0.002147317,20.26733333,0.395135842,0.882122781760096,0.1533193907332896,0.6521458337961313,1.1538114625889582,0.0,434.1832153325121,7.048583938740194e-12,434.1832153325005,434.1832153325237,383.0029057026583,66.56870604140143,273.497384264553,492.5084271407637
FT_659,32.95,5.090576923,113.7254902,7244,-6.018087245,0.058455681,-10.16838905,0.033927373,6,6,0.068634644,-24.80331122,0.49574423,23.91440072,3.459078712,-6.30640178,0.324713005,0.16927,0.10054875,0.10546475,2.2175,0.0,0.0,0.0,0.0,0.0,0.0,0.0,0.0,2,2,2,2,2,0.953387269,0.0,0.594014001,0.0,0.62305636,0.0,0.045343292,0.0,0.047560203,0.0,0.076333709,0.0,17.35666667,0.122712401,0.6160508749423976,0.1116904481695292,0.4469348054095554,0.8113315657499596,0.0,665.9235807727002,9.322320693172514e-12,665.9235807726849,665.9235807727156,410.24280457979637,74.37730318316056,287.89214084349726,532.5934683160955
FT_662,33.1,5.105,113.0,8555,-5.942852861,0.025404068,-9.928620237,0.050678069,6,6,0.068029777,-24.66293713,0.47846385,23.69302326,3.48255814,-6.307355372,0.325655003,0.1533125,0.1328,0.15798,2.00444,0.010702061,0.016786715,0.007594327,0.081232427,0.0075675,0.01187,0.00537,0.05744,2,2,2,2,2,0.840612736,0.113682849,0.866204647,0.12507973,1.030444354,0.087336931,0.066252919,0.008794648,0.078815031,0.004955479,0.07648645,0.006173736,18.234,0.117987287,0.6097641953339461,0.1110478530154302,0.441948279688649,0.8031656405264221,0.0,585.8556521296173,36.23204834193489,526.2539326071344,645.4573716521002,357.2338003026603,68.70695653131368,244.2108568086493,470.25674379667134
FT_669,33.45,5.138653846,114.1509434,7695,-6.319060775,0.020588022,-10.0522416,0.036467794,6,6,0.060972707,-24.33539757,0.438142961,23.17647585,3.53734347,-6.30958042,0.327852998,0.16682,0.103183125,0.106561375,2.2175,0.0,0.0,0.0,0.0,0.0,0.0,0.0,0.0,2,2,2,2,2,0.968297613,0.0,0.618529703,0.0,0.638780572,0.0,0.046531285,0.0,0.048054735,0.0,0.075228861,0.0,16.56366667,0.243791578,0.4963561769682372,0.0979640973346844,0.3478416722861367,0.6677305327943867,0.0,642.5677878572991,4.774847184307873e-12,642.5677878572913,642.5677878573069,318.9424906237862,62.94857331378529,215.39208752260942,422.49289372496304
FT_671,33.55,5.148269231,128.4313725,11856,-6.521854597,0.013991664,-9.709460643,0.046975526,6,6,0.030197437,-24.24181484,0.426622707,23.02889087,3.552996423,-6.310216148,0.328480997,0.16450125,0.14202375,0.151485,2.27856,0.000638164,0.004530787,0.000417193,0.05509776,0.00045125,0.00320375,0.000295,0.03896,2,2,2,2,2,0.937543321,0.030020388,0.863359701,0.027745465,0.920874461,0.004381105,0.062330485,0.002495113,0.066482779,0.00161801,0.072195268,0.001768074,18.01566667,0.437893062,0.4514336304850322,0.0930106206383224,0.3102500254664878,0.6138451235329364,0.0,602.7266201752967,30.752236166349263,552.1391916816522,653.3140486689413,272.09106633570724,57.75333262068418,177.08683417468177,367.0952984967327
FT_687,34.35,5.225192308,108.4158416,8109,-5.91585278,0.02397012,-9.735126481,0.029471455,6,6,0.083460981,-23.76992862,0.191342894,21.84821109,3.678220036,-6.315301971,0.333504986,0.139545,0.12353625,0.13859625,1.92438,0.001534422,0.001136674,0.012079152,0.038438325,0.001085,0.00080375,0.00854125,0.02718,2,2,2,2,2,0.891339051,0.078115063,0.885278942,0.012692893,0.993201118,0.0872472,0.064195351,0.001411769,0.072021248,0.006439647,0.072514264,0.001653398,19.08933333,0.239366525,0.4743881582031378,0.0905099250243634,0.3401785939543046,0.6345318249443042,0.0,444.7699042983623,23.970629089082582,405.3382194468214,484.20158914990316,210.99357572428593,41.83134207286591,142.1810180144215,279.80613343415035
FT_699,34.95,5.280416667,94.33962264,6839,-5.433351333,0.024105324,-9.946452994,0.030677353,6,6,0.10127727,-24.5969261,0.684060515,21.00058139,3.768120156,-6.318953168,0.337111792,0.133985,0.10299625,0.13442,1.76916,0.004094148,0.007320323,0.021474833,0.072068323,0.002895,0.00517625,0.015185,0.05096,2,2,2,2,2,0.766227124,0.133979088,0.768714782,0.059470831,1.003246632,0.163183303,0.0582176,0.004769184,0.075979561,0.01252682,0.075733682,0.00385657,18.52933333,0.294510328,0.6378344023621481,0.1322510844861854,0.4366148822435823,0.868497646270897,0.0,542.705621797756,7.444676781177154,530.4591284927195,554.9521151027924,346.1563159379496,71.9303130437256,227.83095098102098,464.48168089487825
FT_701,35.05,5.289583333,99.00990099,8070,-5.266661666,0.017944358,-9.658030015,0.047997569,6,6,0.108729772,-24.30540652,0.6520701,20.85988373,3.783042635,-6.319559229,0.337710484,0.15124,0.08109,0.09891775,1.61,0.0,0.0,0.0,0.0,0.0,0.0,0.0,0.0,2,2,2,2,2,0.819771982,0.0,0.536167681,0.0,0.654044896,0.0,0.05036646,0.0,0.061439596,0.0,0.093937888,0.0,20.63866667,0.178550646,0.6327030033945629,0.1318131086520368,0.4325998568383425,0.8622990397139326,0.0,492.28570404290434,16.357962574848063,465.37685560727925,519.1945524785294,311.4706434761525,65.70990250300297,203.3778538587126,419.5634330935924
FT_712,35.6,5.34,79.24528302,7570,-5.405779582,0.009948199,-9.737777961,0.028589625,6,6,0.115285035,-23.26946549,0.361461354,20.30727273,3.785454545,-6.322892562,0.341003291,0.1152775,0.0848375,0.10939875,1.49924,0.009019147,0.000357089,0.002791304,0.0512511,0.0063775,0.0002525,0.00197375,0.03624,2,2,2,2,2,0.775488751,0.020053985,0.735941532,0.057662278,0.949003492,0.078097204,0.056587004,0.001949019,0.072969471,0.003112649,0.076890625,0.006564978,19.51333333,0.111253464,0.4721617645129614,0.101469502139101,0.3202343982129312,0.6507450418206964,0.0,460.2237619241036,18.779813426150223,429.3309688380865,491.1165550101207,217.3000635008778,47.533061932541564,139.10817662184692,295.49195037990864
FT_715,35.75,5.35375,54.5,8749,-5.06050695,0.01692828,-9.257076924,0.021609412,6,6,0.104151458,-23.20296452,0.346581832,20.17227273,3.780454545,-6.323801653,0.341901329,0.13495,0.0645,0.087636375,1.345,0.0,0.0,0.0,0.0,0.0,0.0,0.0,0.0,2,2,2,2,2,0.735995755,0.0,0.477954798,0.0,0.649398851,0.0,0.04795539,0.0,0.065157156,0.0,0.100334572,0.0,21.09866667,0.394006768,0.5235364644096876,0.1084077029516738,0.3621802974328339,0.7144323859003104,0.0,469.4106913734688,11.784912394293276,450.02451048485636,488.79687226208125,245.7536137177729,51.26039769111082,161.4302595158956,330.0769679196502
FT_725,36.25,5.399583333,67.32673267,7549,-5.064115989,0.011285684,-9.676114031,0.03977143,6,6,0.105402681,-22.98129464,0.296983425,19.72227273,3.763787879,-6.326831956,0.344894789,0.12884375,0.087695,0.11934125,1.53391,0.006344516,0.001159655,0.004894947,0.011186429,0.00448625,0.00082,0.00346125,0.00791,2,2,2,2,2,0.734825553,0.031667579,0.680630609,0.034703053,0.926247878,0.05936022,0.05717089,0.000863359,0.07780199,0.003241205,0.083996942,0.004181287,21.877,0.144180443,0.4863945150702271,0.1022854537979193,0.334379182174405,0.6671539635678692,0.0,452.36552825836776,2.7936591825648796,447.7699589030485,456.961097613687,220.0281117517159,46.29036124136216,143.88046750967516,296.17575599375664
FT_735,36.75,5.445416667,68.81188119,7445,-4.938617117,0.025500327,-9.779942757,0.032453043,6,6,0.08553857,-23.02754139,0.342778162,19.27227272,3.747121212,-6.329862259,0.34788825,0.1317825,0.09537375,0.12593,1.62956,0.017405433,0.000624022,0.007771104,0.009560084,0.0123075,0.00044125,0.005495,0.00676,2,2,2,2,2,0.757355277,0.046998137,0.723720904,0.095704081,0.955589703,0.139307853,0.058527302,0.000514333,0.077278529,0.004790338,0.080869989,0.010691595,19.151,0.277248986,0.5049416038350132,0.1059739769739471,0.3466538728039394,0.6918931574741022,0.0,507.08188280409246,48.241482157639176,427.724644654776,586.4391209534089,256.04673917877665,59.00071561741543,158.99056198812826,353.10291636942503
FT_745,37.25,5.49125,50.45454545,10205,-4.174623989,0.028633314,-8.948646313,0.05311748,6,6,0.302837717,-23.5407356,0.581500908,18.82227273,3.730454545,-6.332892562,0.35088171,0.0727,0.04263375,0.07929875,1.00398,0.018151431,0.004527251,0.002717058,0.053711831,0.012835,0.00320125,0.00192125,0.03798,2,2,2,2,2,0.537634578,0.059989455,0.586433975,0.159110886,1.09076685,0.274890559,0.04246474,0.005049255,0.078984392,0.005017918,0.072411801,0.01848986,19.29966667,0.200589963,0.7164585859661758,0.1457192752218801,0.4975071264690667,0.9736464522384934,0.0,391.79617199788277,13.33688046676059,369.85700363006157,413.73534036570396,280.70573137656373,57.88635141541684,185.48268329820303,375.92877945492444
FT_754,37.7,5.5325,60.0,7959,-4.753285451,0.007788881,-9.587451299,0.022818852,6,6,0.101082898,-23.64328591,0.683769246,18.41727273,3.715454545,-6.335619835,0.353575825,0.1274775,0.0901475,0.13094625,1.48757,0.019427759,0.010532356,0.010159357,0.017578675,0.0137375,0.0074475,0.00718375,0.01243,2,2,2,2,2,0.688431322,0.09655148,0.707164009,0.135798608,1.027210684,0.175666582,0.06060051,0.007116365,0.08802695,0.006908263,0.085695127,0.013099265,20.761,0.126384334,0.5962116722760039,0.134149017459869,0.3924049353490572,0.8300111964668512,0.0,458.4262741379558,13.855774108109857,435.6335257301151,481.21902254579646,273.3190955190484,62.04980350764629,171.24716874897024,375.39102228912657
FT_765,38.25,5.582916667,55.88235294,6835,-4.649119721,0.01712795,-9.795775387,0.028547621,6,6,0.087669531,-23.62284481,0.587225465,17.92227272,3.697121212,-6.338953168,0.356868631,0.12632375,0.080545,0.13934375,1.40279,0.01709961,0.004313351,0.020090671,0.018087791,0.01209125,0.00305,0.01420625,0.01279,2,2,2,2,2,0.578030949,0.088903869,0.637607734,0.09281753,1.103068505,0.218149199,0.057417718,0.003162712,0.099333293,0.014379096,0.09005179,0.012244892,21.60966667,0.297022446,0.6032456404928835,0.1275082587070991,0.409510683228791,0.82616281238663,0.0,464.081399436434,19.167443878416975,432.5509542564381,495.61184461642995,279.9550810438654,60.29330611733754,180.77259248084513,379.1375696068857
FT_775,38.75,5.62875,53.5,8778,-4.528620805,0.013995237,-9.126638415,0.029384803,6,6,0.106418883,-23.56487879,0.439608822,17.47227273,3.680454545,-6.341983471,0.359862091,0.10947125,0.06787375,0.10086,1.30248,0.013390835,0.005824792,0.010776307,0.059227264,0.00946875,0.00411875,0.00762,0.04188,2,2,2,2,2,0.672950129,0.092222215,0.620014387,0.0926452,0.921337794,0.149638885,0.052111165,0.005061092,0.07743689,0.008991837,0.084048316,0.010968432,24.89533333,0.591656432,0.6090782514502009,0.1191412759438323,0.4305194905479507,0.8191067023183627,0.0,454.64351057753663,15.311812130243517,429.45557962328604,479.8314415317872,276.91347445574695,54.96379782150715,186.49802703936768,367.3289218721262
FT_777,38.85,5.637916667,50.5,8980,-4.444042685,0.020056587,-9.330401679,0.033476858,6,6,0.138688207,-23.55328558,0.410085492,17.38227272,3.677121212,-6.342589532,0.360460784,0.11108,0.05745875,0.0723755,1.3025,0.0,0.0,0.0,0.0,0.0,0.0,0.0,0.0,2,2,2,2,2,0.793897797,0.0,0.517273587,0.0,0.651561937,0.0,0.044114203,0.0,0.055566603,0.0,0.08528215,0.0,22.49233333,0.399905405,0.6229682475007036,0.1186766725138518,0.4454967083773671,0.8319107421705924,0.0,461.27236987630994,8.625383216241742,447.08361448559225,475.4611252670276,287.35803988234113,55.00535341061398,196.87423352188114,377.8418462428011
FT_783,39.15,5.665416667,43.5,9734,-4.313990943,0.017566066,-9.253347961,0.04192215,6,6,0.18177125,-23.51850597,0.321515506,17.11227272,3.667121212,-6.344407714,0.36225686,0.08704125,0.04654875,0.07896625,1.14176,0.007847118,0.0004826,0.001097783,0.026813489,0.00554875,0.00034125,0.00077625,0.01896,2,2,2,2,2,0.589476517,0.010222813,0.534789539,0.048531179,0.907227895,0.082756932,0.040769295,0.00104659,0.069161864,0.001887471,0.076234279,0.007102179,25.46066667,0.332626417,0.6384993161610927,0.1165589725664568,0.4657965329143521,0.8450818351507802,0.0,439.30930005840486,11.105746390107857,421.0403472466774,457.5782528701323,280.49868767049975,51.694096338804044,195.46189919316708,365.5354761478324
FT_793,39.65,5.71125,54.09090909,7243,-4.717309765,0.017002941,-9.387850539,0.016869104,6,6,0.088401916,-23.49046061,0.294878324,16.66227273,3.650454545,-6.347438017,0.36525032,0.11727375,0.08224875,0.11693375,1.48045,0.002172586,0.009819945,0.014182794,0.00940452,0.00153625,0.00694375,0.01002875,0.00665,2,2,2,2,2,0.70337905,0.119710494,0.701339814,0.084737267,0.9971008,0.122340083,0.055556588,0.006642464,0.078985275,0.009593187,0.079214935,0.001551395,19.61433333,0.22021429,0.544970273609502,0.1022611103950061,0.3922082502201274,0.7250222744490162,0.0,452.9579942342928,0.6975660447823964,451.81049809062574,454.1054903779599,246.84864205147377,46.32154740223302,170.64969657480046,323.0475875281471
FT_802,40.1,5.7525,57.79816514,9684,-4.969467359,0.023303791,-9.420351161,0.033254574,6,6,0.189598618,-23.60331204,0.519305513,16.25727273,3.635454545,-6.3485,0.367781155,0.10534125,0.0723025,0.10685625,1.35643,0.008533011,0.001870297,0.000995253,0.031437967,0.00603375,0.0013225,0.00070375,0.02223,2,2,2,2,2,0.676633327,0.018602938,0.686364553,0.058364017,1.01438183,0.082709875,0.053303525,0.001851336,0.078777563,0.001967741,0.077660661,0.006543224,20.35733333,0.074594459,0.5039700734088641,0.107528894229655,0.3394764752009296,0.6915416028708455,0.0,452.9336001788034,1.7053025658242404e-13,452.9336001788031,452.93360017880366,228.26497973145266,48.70344918668339,148.14780581935847,308.38215364354687
FT_805,40.25,5.76625,61.0,11051,-4.746358494,0.025089174,-9.851507379,0.083079881,6,6,0.112770551,-23.64093525,0.484470471,16.12227273,3.630454545,-6.34025,0.367781155,0.11793,0.061548125,0.06961125,1.4575,0.0,0.0,0.0,0.0,0.0,0.0,0.0,0.0,2,2,2,2,2,0.884169226,0.0,0.521903884,0.0,0.590276011,0.0,0.042228559,0.0,0.04776072,0.0,0.080912521,0.0,20.01433333,0.113443084,0.5444354382582824,0.1098010257554202,0.3779212967496625,0.7366557542233302,0.0,532.2457462027085,11.589668831737255,513.1807409745006,551.3107514309163,289.77344609497817,58.78077453693082,193.07907198172697,386.46782020822934
FT_814,40.7,5.8075,56.76567656,8867,-4.906302965,0.026197328,-9.271181636,0.048030893,6,6,0.196904116,-23.7538049,0.379965344,15.71727273,3.615454545,-6.33875,0.367211246,0.080725,0.051855,0.07194875,1.2572,0.000183848,9.9e-05,0.000330572,0.102106219,0.00013,7e-05,0.00023375,0.0722,2,2,2,2,2,0.720721347,0.003585868,0.642366058,0.001908959,0.891282131,0.004570526,0.041246421,0.003350843,0.057229359,0.004655438,0.06421015,0.005217016,22.63066667,0.303078098,0.5202398492649641,0.0999546512279189,0.3693064675780938,0.6961304653023369,0.0,461.9503342488035,14.93823760229287,437.3769333930317,486.5237351045752,240.3249722574973,46.823517325649284,163.3002862568042,317.3496582581904
FT_824,41.2,5.853333333,60.78431373,7911,-5.121461891,0.021096603,-9.415351066,0.037184226,6,6,0.136269829,-23.87921561,0.263848537,15.30656566,3.595959596,-6.412592593,0.36519194,0.09981375,0.06804625,0.10373375,1.5014,0.004859591,0.002239761,0.007532455,0.022627417,0.00343625,0.00158375,0.00532625,0.016,2,2,2,2,2,0.655970212,0.052297381,0.681732226,0.040064744,1.039273146,0.09085817,0.045321866,0.001640718,0.069091348,0.005123872,0.066480452,0.003388231,22.087,0.272457336,0.4929730663822715,0.090203928384856,0.3569494154155223,0.6515925597114154,0.0,453.23908758791185,3.927483400742736,446.77837739369005,459.69979778213366,223.43466281251585,40.929765556496456,156.10519847207917,290.76412715295254
FT_834,41.7,5.8995,87.12871287,7860,-5.927766214,0.023757104,-9.762024375,0.021080797,6,6,0.097814972,-24.03792347,0.463766039,15.3975,3.54,-6.386944444,0.366751098,0.10420125,0.0878125,0.0926875,1.7897,0.011863484,0.007357446,0.014379016,0.008909545,0.00838875,0.0052025,0.0101675,0.0063,2,2,2,2,2,0.947403911,0.167040883,0.842720217,0.119125794,0.889504684,0.171166378,0.049065486,0.004118244,0.051789406,0.008038452,0.058222747,0.00663509,24.493,0.30939457,0.3853087131707694,0.0853149775236772,0.2543821262748891,0.532933773473979,0.0,468.9716692603612,38.362147840311245,405.86593606304916,532.0774024576732,180.69887039625746,42.65337779677893,110.53406392055612,250.8636768719588
FT_839,41.95,5.92325,86.53846154,6016,-5.568644161,0.038935845,-10.38761133,0.039911987,6,6,0.094684494,-23.81994486,0.435802647,15.4442803,3.511212121,-6.37375,0.367553191,0.12889,0.090369375,0.08650575,1.89,0.0,0.0,0.0,0.0,0.0,0.0,0.0,0.0,2,2,2,2,2,1.044663216,0.0,0.701135658,0.0,0.671159516,0.0,0.047814484,0.0,0.045770238,0.0,0.068195767,0.0,22.04733333,0.245063937,0.4152010367310893,0.0883983167337311,0.2797570451438069,0.5699905110018898,0.0,559.9191221457818,1.8837947857644437,556.8202797231993,563.0179645683643,232.47900000049003,49.50208746593203,151.04806611903183,313.90993388194823
FT_845,42.25,5.95175,71.56862745,8001,-5.240256638,0.017625739,-9.45700791,0.018967516,6,6,0.15678116,-24.2624391,0.410928243,15.50041667,3.476666667,-6.53075,0.367781155,0.08946,0.0605675,0.07850375,1.5512,0.005670996,0.003227942,0.006648572,0.073539105,0.00401,0.0022825,0.00470125,0.052,2,2,2,2,2,0.771523653,0.077202269,0.677034429,0.056070652,0.877529063,0.092831875,0.039045578,0.002785091,0.0506084,0.004911908,0.05767148,0.004565155,21.04333333,0.379269473,0.5269362426539177,0.0966967949735835,0.3797120157563281,0.6958379453590676,0.0,447.41428583327706,6.104496958677786,437.37238833625213,457.456183330302,235.75880268667296,43.382944153452954,164.39385955424285,307.1237458191031
FT_857,42.85,6.00875,77.45098039,5835,-5.303266651,0.02733252,-9.897254055,0.029209587,6,6,0.106435046,-24.11349424,0.268779286,15.61268939,3.407575758,-6.39125,0.367781155,0.09690125,0.068575,0.0813225,1.4958,0.00972095,0.009050967,0.011338457,0.075236162,0.00687375,0.0064,0.0080175,0.0532,2,2,2,2,2,0.843247564,0.161894683,0.70767921,0.117321456,0.83923066,0.144150628,0.045845033,0.00647541,0.054367228,0.008058368,0.064782224,0.007269951,24.139,0.161055891,0.4937283255915078,0.0854710275285641,0.3649825449663738,0.6439025813812665,0.0,507.4087122466856,33.91045289017353,451.62601724235014,563.191407251021,250.52205388809926,46.48828858354502,174.0488191681677,326.9952886080308
FT_868,43.4,6.061,72.5,7698,-4.269769085,0.026412118,-9.419667835,0.031513489,6,6,0.14319548,-24.24681672,0.493667006,15.71560606,3.344242424,-6.465,0.367781155,0.0878825,0.05596375,0.07328,1.3214,0.005759385,0.009788126,0.009079251,0.056002857,0.0040725,0.00692125,0.00642,0.0396,2,2,2,2,2,0.763697462,0.163690057,0.63680198,0.118939311,0.833840639,0.11687334,0.042351862,0.00762176,0.055456334,0.007261799,0.066507114,0.005190552,27.895,0.805823182,0.7145316976263786,0.1234662264256128,0.5277048571090369,0.931404096194318,0.0,444.1530944999574,11.054960912913216,425.96768379821515,462.3385052016996,317.3614646190639,55.40389958775485,226.22204979720715,408.50087944092064
FT_872,43.6,6.08,72.11538462,5565,-4.408711399,0.012181954,-9.976826051,0.026389392,6,6,0.082431676,-23.47735944,0.403451743,15.7530303,3.321212121,-6.525,0.367781155,0.11217,0.066270625,0.07082925,1.45,0.0,0.0,0.0,0.0,0.0,0.0,0.0,0.0,2,2,2,2,2,0.935639231,0.0,0.590805251,0.0,0.631445574,0.0,0.045703879,0.0,0.048847759,0.0,0.077358621,0.0,29.57566667,0.491484825,0.5938506385291544,0.1091363648272298,0.4294433452344178,0.7854606416320811,0.0,520.6052260725955,9.549694368615746e-12,520.6052260725799,520.6052260726112,309.16174592482565,56.81696188362123,215.6978436262687,402.6256482233826
FT_881,44.05,6.12275,53.77358491,7032,-4.031731258,0.019718012,-9.456174426,0.040104863,6,6,0.124355166,-23.52329502,0.519928875,15.83723485,3.269393939,-6.589125,0.367781155,0.08216875,0.048705,0.0648975,1.1014,0.003615083,0.002361737,0.004946212,0.016122035,0.00255625,0.00167,0.0034975,0.0114,2,2,2,2,2,0.750491159,0.067794669,0.592743592,0.03880989,0.789807561,0.069505199,0.044220991,0.002239873,0.058922735,0.004572915,0.074603913,0.003459159,32.17966667,0.289275532,0.6871666807111554,0.1281981714117005,0.4931005423730689,0.9131488005669508,0.0,441.96017759929,4.189964966848065,435.0676852288249,448.852669969755,303.70030824741684,56.73159544626965,210.37683373830328,397.0237827565304
FT_895,44.75,6.157166667,36.63366337,7125,-4.38637936,0.023829953,-9.465552534,0.016705289,6,6,0.289088956,-23.56027629,0.613700913,15.90502525,3.227676767,-6.343616667,0.367781155,0.08037,0.03311375,0.047448375,0.985,0.0,0.0,0.0,0.0,0.0,0.0,0.0,0.0,2,2,2,2,2,0.697890075,0.0,0.4120163,0.0,0.590374207,0.0,0.03361802,0.0,0.048170939,0.0,0.081593909,0.0,27.42866667,0.092153857,0.597960145939415,0.120653037691665,0.4128984499792169,0.8072806668915711,0.0,470.7680323008252,9.15179043659009e-12,470.76803230081015,470.7680323008403,281.5005212982127,56.799593145222424,188.06519057432178,374.9358520221036
FT_914,45.7,6.192,47.5,6569,-4.033556244,0.019815819,-9.275362641,0.06059923,6,6,0.160040478,-23.8614542,0.681463918,16.22666667,3.24,-6.4098,0.367781155,0.10032,0.047195625,0.063429875,1.2075,0.0,0.0,0.0,0.0,0.0,0.0,0.0,0.0,2,2,2,2,2,0.744059877,0.0,0.470450807,0.0,0.632275469,0.0,0.039085404,0.0,0.052529917,0.0,0.083080745,0.0,25.149,0.334514574,0.725497547358195,0.1406803429256493,0.5102327607323789,0.969686897078807,0.0,456.6105123192546,9.585114864169526,440.8429983676957,472.3780262708135,331.2698067855881,64.61143364266485,224.98399844340443,437.55561512777183
FT_933,46.65,6.226833333,76.73267327,7813,-5.703182863,0.021200629,-8.343161187,0.057164383,6,6,0.029947587,-24.07134976,0.625566138,17.02976851,3.35611111,-6.475983333,0.367781155,0.13561,0.08644375,0.10002175,1.7275,0.0,0.0,0.0,0.0,0.0,0.0,0.0,0.0,2,2,2,2,2,0.864249526,0.0,0.637443773,0.0,0.737569132,0.0,0.050039797,0.0,0.057899711,0.0,0.078500724,0.0,22.917,0.202457403,0.4558258644072667,0.1029050745935821,0.2967235331169365,0.6333832014575541,0.0,409.4201300219926,0.2735649277207297,408.97011571589195,409.8701443280932,186.6242846730103,42.13159355633805,117.3178132728342,255.9307560731864
FT_939,46.95,6.237833333,53.5,6760,-4.766181303,0.049842418,-9.355656279,0.061931414,6,6,0.160424809,-24.13763256,0.607914208,17.28337962,3.392777777,-6.496883333,0.367781155,0.08289125,0.0423425,0.072955,1.2433,0.003392345,0.001127835,0.006130616,0.074811897,0.00239875,0.0007975,0.004335,0.0529,2,2,2,2,2,0.580392022,0.051163442,0.5108199,0.024943252,0.880129085,0.082264502,0.034056543,0.002241053,0.058678517,0.0060647,0.066670353,0.004851637,23.22333333,0.118323004,0.6389522920726326,0.125444808725254,0.4475435874704702,0.8578816183370399,0.0,440.94892730692635,4.406048502665513,433.7009775200416,448.1968770938111,281.74532778972923,55.38634897076998,190.6347837328126,372.85587184664587
FT_956,47.8,6.269,43.1372549,9800,-3.966720928,0.025345611,-8.965919252,0.049150449,6,6,0.211360546,-23.88246965,0.454213851,18.00194444,3.496666667,-6.507333333,0.367781155,0.0748825,0.0350525,0.06123,1.0619,0.002725897,0.001679379,0.004263854,0.077640325,0.0019275,0.0011875,0.003015,0.0549,2,2,2,2,2,0.572472644,0.048388914,0.468100023,0.028165985,0.817681034,0.064251188,0.033009229,0.002885456,0.057660797,0.005822028,0.070517469,0.005759539,23.384,0.169079863,0.8075026499133567,0.1436996150017076,0.5940311144059688,1.0622272366846954,0.0,367.9958192690527,11.344842348974716,349.3335536049893,386.6580849331161,297.15759921679677,53.66850880998773,208.87290222436695,385.4422962092266
FT_973,48.65,6.325288889,57.21153846,7728,-4.22505378,0.024276875,-9.054672931,0.048746966,6,6,0.110224256,-23.68686303,0.531735901,19.29971605,3.684296297,-6.348511112,0.367781155,0.09609125,0.05364375,0.09562375,1.2932,0.002112482,7.95e-05,0.00200288,0.078913117,0.00149375,5.63e-05,0.00141625,0.0558,2,2,2,2,2,0.560987725,0.011779538,0.558258426,0.012300709,0.995134833,0.030216926,0.041481403,0.002532008,0.073943512,0.004770557,0.074305019,0.00481949,24.46366667,0.221730317,0.7395631773032891,0.1433179964304522,0.5257346201150842,0.9921795115700618,0.0,430.71078477032756,23.108246557735356,392.6977191828529,468.72385035780223,318.5378364835366,64.0506773480071,213.1744722460649,423.90120072100825
FT_991,49.55,6.384888889,62.5,8192,-4.043545436,0.028380745,-9.206174612,0.066176783,6,6,0.103439042,-23.92331541,0.484633785,19.85111111,3.780854701,-6.427688889,0.367781155,0.10434625,0.0658625,0.08526625,1.3648,0.0114074,0.0068554,0.011442755,0.06363961,0.00806625,0.0048475,0.00809125,0.045,2,2,2,2,2,0.772433407,0.131185773,0.631191825,0.095277426,0.817147238,0.141442362,0.048257987,0.005504013,0.062475271,0.008875888,0.076455341,0.009086843,23.48033333,0.100041658,0.8424929242451714,0.15816526769177,0.6100345317910677,1.1240532037109146,0.0,455.85566125428153,19.89371077579357,423.1305070281011,488.580815480462,384.05516908383595,74.02293445003487,262.2874419135286,505.8228962541433
FT_1007,50.35,6.437866667,52.0,7473,-3.695196087,0.020405882,-9.247175067,0.017915543,6,6,0.170279814,-23.97432499,0.388357939,19.32133333,3.740102564,-6.337626666,0.367781155,0.082265,0.04486,0.07062375,1.181,0.000997021,0.001131371,0.002830195,0.026587215,0.000705,0.0008,0.00200125,0.0188,2,2,2,2,2,0.635197083,0.030076411,0.545310886,0.015258335,0.858490853,0.035942295,0.037984759,0.001284121,0.059799958,0.00274869,0.06965707,0.001780956,25.94466667,0.127020996,0.9132488795957509,0.1618645953940487,0.6770259306259871,1.202899724869531,0.0,438.71130582757917,12.335066047985539,418.42012217864294,459.0024894765154,400.6526085130255,71.89978866677367,282.3774561561828,518.9277608698682
FT_1018,50.9,6.474288889,73.03921569,7014,-4.495232868,0.023289483,-9.362843017,0.023387319,6,6,0.051980475,-23.31690792,0.438878736,18.95711111,3.71208547,-6.367872223,0.366695373,0.10154125,0.06615625,0.08450625,1.4714,0.008780498,0.007253148,0.00919062,0.031112698,0.00620875,0.00512875,0.00649875,0.022,2,2,2,2,2,0.782856298,0.12089544,0.651520934,0.090974432,0.832235668,0.115634243,0.044961431,0.005020261,0.057432547,0.006363134,0.069009957,0.006143265,19.50666667,0.099485342,0.6235566567909326,0.1257106740355059,0.4357847451285161,0.8457068109008251,0.0,454.9642877352819,9.652471861829218,439.08597152257283,470.842603947991,283.6960102194803,57.50969628243028,189.09255983488248,378.2994606040781
