Sample ID,Depth(m),Age (Ma),Xlf,d13Cc,d13Cc_std,d18Oc,d18Oc_std,d13Cc_n,d18Oc_n,Cal%,d13Co,d13Co_std,Temperature,Temperature_std,d13Ca,d13Ca_std,aAl,aFe,aSi,fFe,aAl_std,aFe_std,aSi_std,fFe_std,aAl_sem,aFe_sem,aSi_sem,fFe_sem,aAl_n,aFe_n,aSi_n,fFe_n,n_measurements_max,aFe/aSi,aFe/aSi_std,aFe/aAl,aFe/aAl_std,aSi/aAl,aSi/aAl_std,aFe/fFe,aFe/fFe_std,aSi/fFe,aSi/fFe_std,aAl/fFe,aAl/fFe_std,D,D_std,R,R_std,R_90_low,R_90_high,Xlf_std,Sz_mean,Sz_std,Sz_90_low,Sz_90_high,CO2_mean,CO2_std,CO2_90_low,CO2_90_high
2-SL01_570,19.9,4.16447021,189,-6.527067326,0.026508489,-8.904498746,0.103648927,6,6,3.697546455,-23.39129952,0.2,16.25200744,3.716076677,-6.245140496,0.2,0.160705,0.136555,0.143835,2.59242,0.000721249,0.000445477,0.003288047,0.032668333,0.00051,0.000315,0.002325,0.0231,2,2,2,2,2,0.94938645,0.02192271,0.849724651,0.004714611,0.895025046,0.020850725,0.052674721,0.000685662,0.055482908,0.001448274,0.061990341,0.000829235,16.02,0.031749016,0.2491703966706656,0.0640676737680914,0.1517748419292421,0.3608001855050514,0,651.7768267740404,2.2737367544323206e-13,651.77682677404,651.7768267740407,162.40349046803533,41.75782510736104,93.71186816642641,231.09511276964423
2-SL01_630,20.5,4.195812292,163,-5.161817225,0.028729195,-9.493496964,0.044644149,6,6,10.5362181,-24.39041428,0.2,16.70518548,3.573347757,-6.247243788,0.2,0.17356,0.14023,0.152875,2.73314,0.007339768,0.004087077,0.005741707,0.014934095,0.00519,0.00289,0.00406,0.01056,2,2,2,2,2,0.917285364,0.043608008,0.807962664,0.041497083,0.880819313,0.049819036,0.051307288,0.00152143,0.055933834,0.002122888,0.063502053,0.002707794,15.24133333,0.044992592,0.5634431350991244,0.0899059098077228,0.427968035641156,0.7219047960846087,0,708.4768326906237,89.86098498086156,560.6555123971065,856.298152984141,399.18640775630286,81.36809678043429,265.3358885524884,533.0369269601173
2-SL01_960,23.8,4.51234359,173,-7.213858788,0.045187019,-10.24382803,0.026977151,6,6,1.166139713,-23.51050308,0.2,19.46636155,3.692544372,-6.268171477,0.2,0.1673475,0.11663,0.15015375,2.14134,0.00551391,0.005835119,0.00395239,0.396513964,0.002756955,0.00291756,0.001976195,0.198256982,4,4,4,4,4,0.776737178,0.043911193,0.696933029,0.041750488,0.897257204,0.03783927,0.054465895,0.010447147,0.070121396,0.013114978,0.078150831,0.014698571,13.332,0.185421142,0.2257378014889245,0.0625802097228278,0.1310006104103126,0.3353590378586997,0,857.6184594102426,22.12911494961925,821.2160653181189,894.0208535023663,193.59690554358662,53.901916349540606,104.92825314859232,282.2655579385809
2-SL01_1190,26.1,4.721494928,146,-7.064936543,0.014651507,-9.908746049,0.059553058,6,6,0.885898817,-25.6442751,0.2,23.48713639,3.397418344,-6.280353719,0.2,0.1588575,0.11813,0.146195,2.32673,0.01089298,0.007438763,0.010931871,0.061730422,0.0077025,0.00526,0.00773,0.04365,2,2,2,2,2,0.80803037,0.078992106,0.743622429,0.069229992,0.920290197,0.093369294,0.050770824,0.003469263,0.062832817,0.004985354,0.068275004,0.005019881,15.99033333,0.108186567,0.5191794407436112,0.0791172005138242,0.4000593012838344,0.6585667995593204,0,854.4412868490464,46.11294172104129,778.5854977179334,930.2970759801593,443.6083494545394,71.7151436659252,325.63693812409247,561.5797607849863
2-SL01_1220,26.4,4.76257971,146,-6.878879211,0.048644287,-10.46849401,0.022827615,6,6,1.432578597,-24.10984159,0.2,24.92692108,3.291737735,-6.284716014,0.2,0.155995,0.109655,0.135015,2.4372,0.001216224,0.002920351,0.004666905,0.014340126,0.00086,0.002065,0.0033,0.01014,2,2,2,2,2,0.812169018,0.035439513,0.702939197,0.019506518,0.86550851,0.030668601,0.044992204,0.001227135,0.055397587,0.001942407,0.064005826,0.000625183,13.335,0.027838822,0.4161122131529382,0.0769189766903112,0.3000743092121261,0.551403172085761,0,875.2975913130126,1.7280399333685637e-11,875.2975913129842,875.297591313041,364.2220178886937,67.32699502329116,253.46911107537974,474.9749247020077
2-SL01_1430,28.5,5.052685897,68,-8.00997692,0.015083103,-8.821665663,0.064790946,6,6,4.765904746,-23.41245255,0.2,30.50751119,3.634908193,-6.303896588,0.2,0.1795275,0.11349,0.1444425,2.09878,0.009719183,0.004787113,0.013120366,0.063356768,0.0068725,0.003385,0.0092775,0.0448,2,2,2,2,2,0.785710577,0.078689382,0.632159418,0.043385239,0.80457033,0.085078464,0.054074272,0.00280484,0.068822125,0.006587608,0.08553898,0.005302145,23.258,0.080074965,0.2816779527625745,0.0743179170467945,0.1705872416326582,0.4128490095034087,0,463.3427650574193,53.885835024826335,374.70056644157995,551.9849636732586,130.5134414887244,37.631527170311784,68.60957929356151,192.41730368388727
2-SL01_1650,30.7,5.324908334,172,-8.985584108,0.041392834,-10.25832798,0.031589028,6,6,0.074373032,-24.09199817,0.2,24.38201355,4.616186194,-6.321894766,0.2,0.1527675,0.1019925,0.137465,2.42037,0.003284511,0.000533866,0.004751758,0.035850314,0.0023225,0.0003775,0.00336,0.02535,2,2,2,2,2,0.741952497,0.025939475,0.667632186,0.014773409,0.899831443,0.036630244,0.042139218,0.00066199,0.056795035,0.002135881,0.063117416,0.001647891,20.62933333,0.063571482,0.1531413411235447,0.0647155396453625,0.0555255325214359,0.267640449256333,0,954.0101297516999,10.688878684801173,936.426924315202,971.5933351881978,146.0983907156222,61.760976456712974,44.50158444432935,247.69519698691505
2-SL01_1680,31.0,5.35429697,203,-9.317216075,0.027154496,-9.982646026,0.066379967,6,6,3.549930636,-24.09199817,0.2,24.38201355,4.616186194,-6.321894766,0.2,0.147095,0.0947475,0.1351925,2.24152,0.006392245,0.005214913,0.002810749,0.472319046,0.00452,0.0036875,0.0019875,0.33398,2,2,2,2,2,0.700833996,0.041234224,0.644124545,0.045170942,0.919082906,0.044275842,0.042269308,0.009205562,0.060312868,0.012770462,0.065622881,0.014118645,13.88433333,0.094299169,0.1210849037723046,0.060726204579344,0.0288629826917844,0.2274934253318026,0,847.1128705441276,20.461704746986,813.4533662353357,880.7723748529196,102.57258041411642,51.501579446622024,17.852482224423184,187.29267860380963
2-SL01_1840,32.6,5.470116815,127,-6.856476398,0.030902535,-9.962898985,0.067352802,6,6,13.3736077,-24.46634841,0.2,17.99219371,6.105014891,-6.331495327,0.2,0.131455,0.09137,0.1261575,1.93005,0.000381838,0.001739483,0.000802566,0.065463946,0.00027,0.00123,0.0005675,0.04629,2,2,2,2,2,0.724253413,0.014537619,0.695066753,0.01338567,0.959701038,0.006711565,0.047340742,0.001841358,0.065364887,0.002255722,0.068109634,0.002318616,12.58233333,0.182237025,0.3460136489080306,0.1047852048362844,0.1921784471091315,0.5323451678790313,0,603.5658470867347,4.19160793513495,596.6706520334377,610.4610421400317,208.84202110674752,63.261398767785785,104.77702013373991,312.90702207975517
2-SL01_2150,35.7,5.694517766,47,-5.43227544,0.02576367,-9.387605107,0.052206002,6,6,14.57306343,-24.7030228,0.2,13.14436978,5.490606237,-6.343938781,0.2,0.10107,0.0594225,0.095455,1.41014,0.002142534,0.00083085,0.002665793,0.040616214,0.001515,0.0005875,0.001885,0.02872,2,2,2,2,2,0.622518464,0.019442401,0.587934105,0.014930234,0.944444444,0.033113606,0.042139433,0.001349192,0.06769186,0.002715735,0.071673735,0.002563263,21.89633333,0.638658229,0.4907129375025391,0.112919910784375,0.3228915759251971,0.6899639872295003,0,448.559622757429,5.052739277090744,440.24786664661474,456.87137886824326,220.11401012832877,50.711962214037484,136.6928322862371,303.53518797042045
2-SL01_2190,36.1,5.723472727,44,-5.140285352,0.010751744,-8.756209893,0.041734478,6,6,14.38426069,-24.7030228,0.2,13.14436978,5.490606237,-6.343938781,0.2,0.0848125,0.0529975,0.07888,1.23966,0.004352242,0.00327744,0.001746554,0.159749564,0.0030775,0.0023175,0.001235,0.11296,2,2,2,2,2,0.671875,0.044132643,0.624878408,0.050215099,0.930051584,0.051979823,0.042751642,0.00611075,0.06363035,0.008319924,0.068415937,0.009489783,20.23633333,0.264579541,0.538044997673607,0.1204601445121497,0.3606227306153289,0.7519713158119372,0,388.3029655334696,1.937451986425141,385.11585701580026,391.49007405113895,208.92446818711036,46.7866458580807,131.96043575056763,285.8885006236531
2-SL01_2360,37.8,5.856799508,129,-6.326677971,0.014854853,-9.500497416,0.061098827,6,6,3.64608662,-24.53732171,0.2,14.86284851,3.72688205,-6.344357493,0.2,0.14277,0.1387975,0.132815,2.0255,0.003549676,0.00479772,0.005932626,0.113419928,0.00251,0.0033925,0.004195,0.0802,2,2,2,2,2,1.045043858,0.059025014,0.972175527,0.041394528,0.930272466,0.047557077,0.068525056,0.004509336,0.065571464,0.004696865,0.0704863,0.004318526,14.94366667,0.044286943,0.3688951287525382,0.0702629912806212,0.2620965164594018,0.4921332414003237,0,564.8990102859843,1.9228544406872807,561.7359147310538,568.0621058409149,208.3884931316296,39.6978320051676,143.0855594831289,273.6914267801303
2-SL01_2440,38.6,5.919541523,137,-7.005962504,0.020858252,-9.953399637,0.012723993,6,6,4.168002402,-23.22043881,0.2,18.83550309,3.42300692,-6.375810265,0.2,0.1351375,0.1036,0.1274125,2.15613,0.000342947,0.003917372,0.006445278,0.079549513,0.0002425,0.00277,0.0045575,0.05625,2,2,2,2,2,0.813107034,0.051352829,0.766626584,0.029053255,0.942836,0.047754205,0.048049051,0.002538424,0.059093144,0.003699885,0.062675952,0.002317867,12.77566667,0.04923752,0.2151884477852503,0.0597888317013372,0.123606306030941,0.3196396917373267,0,799.6025159287752,27.881253328510386,753.7378542033756,845.4671776541749,172.065224247894,48.182306306917106,92.80533037301537,251.32511812277266
2-SL01_2500,39.2,5.966598034,121,-6.513841578,0.020196534,-9.993063583,0.027454811,6,6,8.984213946,-24.69599331,0.2,21.35714996,3.312565389,-6.367421626,0.2,0.117415,0.083565,0.10391,2.04249,0.0036416,0.00377595,0.001569777,0.053132004,0.002575,0.00267,0.00111,0.03757,2,2,2,2,2,0.804205563,0.03831581,0.711706341,0.039005609,0.884980624,0.030530425,0.040913297,0.002133168,0.050874178,0.00153039,0.057486206,0.002327028,12.84333333,0.076067952,0.4719432354100197,0.0777391074287994,0.3547858525903382,0.6080329145574029,0,545.1302048643226,6.707523425575346e-12,545.1302048643116,545.1302048643337,257.2705126033953,42.377935558631,187.55880860944728,326.98221659734327
2-SL01_2510,39.3,5.974440786,93,-6.303773004,0.021611725,-9.121346705,0.068555574,6,6,37.84398436,-26.90802484,0.2,21.31232418,3.349920374,-6.281151356,0.2,0.1367475,0.10069,0.120525,2.2308,0.006699837,0.004065864,0.002630437,0.105415479,0.0047375,0.002875,0.00186,0.07454,2,2,2,2,2,0.835428334,0.038346697,0.736320591,0.046748989,0.881368946,0.047272578,0.045136274,0.002805552,0.054027703,0.002812201,0.061299758,0.00417263,14.171,0.17228755,0.7352849885687535,0.0925363601773832,0.5965066631384844,0.8981783201724608,0,451.64230600213796,16.481706661197677,424.52989854446776,478.75471345980816,332.08580780594747,43.51490545223076,260.50378833702786,403.6678272748671
2-SL01_2550,39.7,6.005811793,138,-7.234890022,0.023295922,-9.513832915,0.048640175,6,6,2.425711045,-24.34133611,0.2,21.13302104,3.499340314,-6.347176897,0.2,0.1581925,0.15649,0.1471125,2.2119,0.008587812,0.011285424,0.01307794,0.059736381,0.0060725,0.00798,0.0092475,0.04224,2,2,2,2,2,1.063743734,0.121767219,0.989237796,0.089293705,0.929958753,0.096866989,0.07074913,0.005448178,0.066509562,0.006179358,0.07151883,0.004336458,13.314,0.126301227,0.3290695268122931,0.0671777782625988,0.2275959047613913,0.4472183273878742,0,654.1172752251,19.410966053479463,622.1862360671263,686.0483143830737,215.25006223807017,44.4039752825806,142.20552289822507,288.2946015779153
2-SL01_2570,39.9,6.019332911,134,-7.212331119,0.03529542,-9.625857391,0.111478099,6,6,4.828638355,-24.52914979,0.2,21.05574017,3.563741327,-6.363335443,0.2,0.1363125,0.10622,0.165645,2.10008,0.010511142,0.009340881,0.008994398,0.130192501,0.0074325,0.006605,0.00636,0.09206,2,2,2,2,2,0.641250868,0.066274683,0.779238881,0.091138696,1.215185695,0.114604682,0.050579026,0.005442015,0.078875567,0.006500262,0.064908242,0.006422084,16.636,0.009539392,0.3503415123907093,0.0693392372575059,0.2454310643737766,0.4723851491866341,0,686.8615844707715,42.65733858427173,616.6902624996445,757.0329064418985,240.63612630656903,49.916146659021685,158.52406505247836,322.7481875606597
2-SL01_2610,40.3,6.042046377,135,-6.486118001,0.027023447,-9.782527375,0.023602966,6,6,6.851558218,-23.76436366,0.2,20.9259198,3.671925442,-6.370231884,0.2,0.1242725,0.0878025,0.1115075,2.02712,0.006982679,0.0057311,0.007866563,0.129343972,0.0049375,0.0040525,0.0055625,0.09146,2,2,2,2,2,0.787413403,0.075679608,0.706532016,0.060850658,0.897282182,0.080925085,0.043313913,0.003953642,0.055007844,0.005232468,0.061304955,0.005212164,17.389,0.100164864,0.3704518766103608,0.0770137282329847,0.2545296333627987,0.5060394989342062,0,769.3974423466225,36.58737113346125,709.2112168320788,829.5836678611662,285.0247263765182,60.78456433474292,185.03411804586608,385.01533470717027
2-SL01_2650,40.7,6.064759842,137,-6.626626988,0.018192489,-9.724192807,0.04593655,6,6,6.483793814,-26.47786595,0.2,20.79609944,3.780109556,-6.483799212,0.2,0.123145,0.0861,0.11415,1.6993,0.003882016,0.00423557,0.002474874,0.140912239,0.002745,0.002995,0.00175,0.09964,2,2,2,2,2,0.754270696,0.040549133,0.699175768,0.040851077,0.926956027,0.035465248,0.050667922,0.004885279,0.067174719,0.005757622,0.072468075,0.006428902,13.326,0.005567764,0.6367666033622483,0.0927276061130836,0.4979887070063228,0.8001116763349082,0,735.1552387412847,33.916005538436146,679.3634096305573,790.9470678520122,468.1223043172506,71.50839175844453,350.4909998746094,585.7536087598919
2-SL01_2710,41.3,6.098830041,90,-5.328377281,0.025884358,-9.367851926,0.058218267,6,6,24.15789202,-25.40337788,0.2,20.60136889,3.942385728,-6.553245061,0.2,0.0746425,0.0417625,0.0764375,1.05785,0.001615739,0.002725897,0.003638064,0.012006673,0.0011425,0.0019275,0.0025725,0.00849,2,2,2,2,2,0.546361406,0.044135945,0.559500285,0.038475237,1.024047962,0.053543865,0.03947866,0.002615496,0.072257409,0.003535548,0.070560571,0.00172461,15.988,0.471169821,0.7659243447423073,0.1210519562942091,0.587428576148569,0.9806823847581256,0,453.43151582703575,3.485409537626478,447.6980171376402,459.1650145164313,347.2942366453335,54.95365180162818,256.89547943165513,437.6929938590119
2-SL01_2800,42.2,6.149935338,112,-5.594894328,0.025866967,-10.05403313,0.087512285,6,6,9.216579388,-27.50643346,0.2,20.30927307,4.185799986,-6.330872937,0.2,0.11173,0.065875,0.11206,1.43588,0.00920653,0.005105311,0.019226233,0.102134503,0.00651,0.00361,0.013595,0.07222,2,2,2,2,2,0.587854721,0.110671071,0.589590978,0.066694114,1.002953549,0.190894224,0.045877789,0.004826064,0.078042733,0.014494971,0.077812909,0.008470263,15.019,0.05758472,0.9271652764997118,0.1295484533942333,0.7344271269032999,1.1563325914429634,0,497.8984032715171,21.36091888887163,462.7596916993233,533.0371148437109,461.6341107380012,67.47403918167679,350.63931628414286,572.6289051918595
2-SL01_2840,42.6,6.172648804,92,-5.463562478,0.03197916,-9.700482277,0.046611873,6,6,7.081983842,-27.0770732,0.2,18.1042462,3.718703634,-6.373032727,0.2,0.12277,0.0758275,0.1173975,1.44417,0.003125412,0.004840146,0.006841258,0.042129422,0.00221,0.0034225,0.0048375,0.02979,2,2,2,2,2,0.645903874,0.055826025,0.617638674,0.042444316,0.956239309,0.060809431,0.052505938,0.003684932,0.081290638,0.005297571,0.085010767,0.003291456,23.93466667,0.036226142,0.852166805604701,0.1105858519597063,0.6867018626727881,1.0481865711150282,0,442.2950730023534,13.331802306593723,420.36425820800673,464.2258877967,376.9091794951135,50.213672435210604,294.30768833919205,459.51067065103496
2-SL01_2860,42.8,6.184005536,119,-6.220424556,0.031933786,-9.968681944,0.034703026,6,6,2.568890976,-25.15956836,0.2,16.01254352,3.194667215,-6.394610519,0.2,0.12572,0.0814575,0.129145,1.53916,0.005805347,0.005830095,0.002170818,0.044802286,0.004105,0.0041225,0.001535,0.03168,2,2,2,2,2,0.630744512,0.046372088,0.647927935,0.055187645,1.02724308,0.050479816,0.052923348,0.004089121,0.083906157,0.002820344,0.081680917,0.004458602,28.765,0.216376986,0.4673131897381876,0.0697499554707749,0.3610041361258633,0.5888453304408033,0,504.3024570631684,27.933559828017238,458.35175114608,550.2531629802568,235.6671898029946,37.51913453211656,173.94821349766286,297.38616610832634
2-SL01_2960,43.8,6.2407892,104,-6.429265821,0.024339269,-9.589635304,0.03951582,6,6,6.830441375,-26.60389709,0.2,17.3170109,3.375056829,-6.50249948,0.2,0.1203325,0.0658375,0.1270675,1.54958,0.009726254,0.005448258,0.015977078,0.027379175,0.0068775,0.0038525,0.0112975,0.01936,2,2,2,2,2,0.518130128,0.077991671,0.547129828,0.063290571,1.055969917,0.157841778,0.042487319,0.003595206,0.082001252,0.010411887,0.077654913,0.006424918,16.85666667,0.209060597,0.6133156957027274,0.0807605734288422,0.4910704069065794,0.754756115688791,0,442.16814725306494,4.605808232490302,434.5915927106184,449.7447017955115,271.18866485009954,35.82130713743745,212.26261460901492,330.11471509118417
2-SL01_3000,44.2,6.263502666,89,-5.469396033,0.04147007,-9.159582389,0.035898468,6,6,32.52284365,-25.49942977,0.2,17.83879784,3.447212675,-6.510998223,0.2,0.084105,0.0467975,0.0896625,1.15511,0.000636396,0.000456084,0.004705796,0.013562308,0.00045,0.0003225,0.0033275,0.00959,2,2,2,2,2,0.521929458,0.027860931,0.556417573,0.00686533,1.066078117,0.056529944,0.040513458,0.000618195,0.077622478,0.004174592,0.072811247,0.001017038,15.58566667,0.36192863,0.6761753550355395,0.0956241699701707,0.5321202166449541,0.8434515405118328,0,477.571665605422,2.9435286537836545,472.7295609699479,482.41377024089616,322.92219054566016,45.71074649975706,247.72801255355978,398.11636853776054
2-SL01_3040,44.6,6.286216131,108,-5.869244552,0.044681092,-9.939345001,0.016880956,6,6,11.21237888,-24.55788847,0.2,18.36058479,3.51936852,-6.473581443,0.2,0.1069225,0.06311,0.1037175,1.45745,0.004309816,0.002425376,0.010617208,0.043685057,0.0030475,0.001715,0.0075075,0.03089,2,2,2,2,2,0.608479765,0.066532911,0.590240595,0.032871999,0.970025018,0.106718819,0.043301657,0.002110419,0.071163676,0.007590646,0.073362723,0.003685074,18.769,0.114843372,0.5081728502522057,0.0842430242458818,0.3806453698374498,0.6556533007191616,0,490.34872544188545,7.905679405607237,477.34388281966153,503.35356806410937,249.1819094253392,41.50335829059169,180.90888503731588,317.4549338133625
2-SL01_3050,44.7,6.291894497,99,-5.242387412,0.036591893,-9.564132166,0.032936302,6,6,17.60609895,-24.51371144,0.2,18.49103153,3.537407482,-6.449448386,0.2,0.1138625,0.071545,0.1042875,1.55533,0.001587455,0.000537401,0.00109248,0.048974216,0.0011225,0.00038,0.0007725,0.03463,2,2,2,2,2,0.686036198,0.008843219,0.628345592,0.009950822,0.915907344,0.015972404,0.045999884,0.001489085,0.067051687,0.002225099,0.073207937,0.002521021,16.22533333,0.261217023,0.6154762206548653,0.0971210486594472,0.470504271759459,0.7866617524928357,0,441.1960434610024,3.376001429410144,435.6425211096227,446.74956581238206,271.5456733972574,42.899772205432036,200.97554811932173,342.1157986751931
2-SL01_3100,45.2,6.320286329,113,-5.004951314,0.019201562,-9.786471936,0.057151261,6,6,1.50016334,-23.56438137,0.2,19.14326522,3.627602289,-6.331002152,0.2,0.09016,0.060335,0.087125,1.36741,0.005557859,0.001619275,0.005211377,0.089760135,0.00393,0.001145,0.003685,0.06347,2,2,2,2,2,0.69251076,0.045400982,0.669199201,0.044992457,0.966337622,0.083003057,0.044123562,0.003129108,0.063715345,0.005658395,0.06593487,0.00593742,15.05266667,0.169512045,0.5537641431404189,0.0983922403320797,0.4068362573992726,0.7286704742198242,0,475.5880485829566,21.47737482998067,440.25776698763843,510.9183301782748,263.36360821136486,48.281959838079,183.93978427772493,342.7874321450048
2-SL01_3230,46.5,6.394105092,76,-4.421024941,0.02451938,-9.595274796,0.030616444,6,6,10.41069819,-23.34350742,0.2,19.80132973,3.750069241,-6.412021343,0.2,0.09312625,0.05467625,0.0883975,1.260795,0.006044044,0.004341654,0.004144188,0.040321741,0.003022022,0.002170827,0.002072094,0.02016087,4,4,4,4,4,0.618527108,0.057036309,0.587119636,0.060212329,0.949222158,0.075997516,0.043366487,0.003712384,0.070112508,0.00397894,0.073863118,0.005344249,14.69166667,0.104996825,0.6683356774911532,0.1194260853740309,0.493081033193758,0.8814369450237417,0,452.9336001788034,1.7053025658242404e-13,452.9336001788031,452.93360017880366,302.71168453400765,54.09208680372095,213.73020174188667,391.6931673261286
2-SL01_3290,47.1,6.42817529,81,-4.741930021,0.016208023,-9.262915964,0.070737307,6,6,8.156928125,-24.72373789,0.2,19.45820188,3.736755538,-6.354102006,0.2,0.103625,0.0574525,0.0933625,1.38281,0.002206173,0.001014698,0.003376435,0.013251181,0.00156,0.0007175,0.0023875,0.00937,2,2,2,2,2,0.615370197,0.024766804,0.554427021,0.015336618,0.900965018,0.037809999,0.041547646,0.000834848,0.067516506,0.002525985,0.074937989,0.001749594,14.872,0.028354894,0.7601352652978528,0.1183488934508676,0.5857005085252404,0.9698638508179448,0,463.6344070353573,12.371541870237252,443.283220658817,483.9855934118976,352.42486299303397,55.6706466725427,260.8466492167012,444.0030767693667
2-SL01_3300,47.2,6.433853657,105,-5.592332198,0.012544587,-8.690854806,0.062913962,6,6,22.17968416,-24.74691529,0.2,19.40101391,3.734536587,-6.344448784,0.2,0.1148525,0.0795475,0.1021375,1.74828,0.002520836,0.003418861,0.000540937,0.036430141,0.0017825,0.0024175,0.0003825,0.02576,2,2,2,2,2,0.778827561,0.033726311,0.692605733,0.033424365,0.889292789,0.020078811,0.045500435,0.002173279,0.058421706,0.001256079,0.065694568,0.001988219,15.02866667,0.038135723,0.5907701011549095,0.0959880239444915,0.4473621875040598,0.760020495860499,0,419.6411599471608,0.6195548389463055,418.62199223709416,420.66032765722747,247.91145051074773,40.28218859492948,181.64725027208874,314.1756507494067
2-SL01_3360,47.8,6.467923855,79,-4.54241387,0.023125743,-9.609953065,0.05849245,6,6,13.74320742,-24.74691529,0.2,19.40101391,3.734536587,-6.344448784,0.2,0.104015,0.06383,0.09223,1.53802,0.001265721,0.001668772,0.001880904,0.046273068,0.000895,0.00118,0.00133,0.03272,2,2,2,2,2,0.692074162,0.022947337,0.613661491,0.017696288,0.886699034,0.021057483,0.041501411,0.001654176,0.05996671,0.002179586,0.06762916,0.002194825,16.09833333,0.016502525,0.8053804240918859,0.123698596078765,0.622541590417541,1.0247795881581117,0,449.51110463383134,7.743510154531401,436.77303042962717,462.2491788380355,362.0274440840072,55.95253743178667,269.98552000871814,454.06936815929623
