Sample_ID,split,split_order
ZJC_6715,train,0
ZJC_1275,train,1
FX_30_2_72,train,2
ZJC_1350,train,3
FX_33_1_28,train,4
93L_3700,train,5
ZJC_6700,train,6
ZJC_6140,train,7
93L_2179,train,8
ZJC_5600,train,9
FX_17_2_68,train,10
FX_9_1_122,train,11
FX_3_0_14,train,12
ZJC_2470,train,13
FX_9_1_150,train,14
ZJC_6720,train,15
ZJC_5950,train,16
FX_24_2_60,train,17
ZJC_6135,train,18
ZJC_3290,train,19
FX_21_1_132,train,20
ZJC_6125,train,21
FX_23_2_70,train,22
ZJC_2450,train,23
ZJC_4860,train,24
ZJC_2800,train,25
ZJC_2475,train,26
FX_10_2_46,train,27
ZJC_6850,train,28
FX_16_2_6,train,29
ZJC_5775,train,30
FX_21_1_122,train,31
FX_3_0_46,train,32
93L_2700,train,33
FX_28_2_66,train,34
93L_4899,train,35
FX_24_1_110,train,36
FX_16_2_76,train,37
FX_21_1_64,train,38
FX_7_1_12,train,39
FX_18_1_32,train,40
FX_7_1_90,train,41
FX_32_1_18,train,42
93L_4821,train,43
FX_18_2_84,train,44
FX_12_1_78,train,45
FX_30_1_78,train,46
FX_19_2_58,train,47
93L_1620,train,48
FX_29_0_86,train,49
FX_16_1_2,train,50
ZJC_6710,train,51
93L_3359,train,52
FX_30_2_36,train,53
FX_32_2_148,train,54
FX_32_2_12,train,55
FX_9_1_62,train,56
ZJC_6145,train,57
ZJC_1850,train,58
FX_23_1_100,train,59
ZJC_4025,train,60
ZJC_2100,train,61
ZJC_4855,train,62
93L_2140,train,63
93L_2639,train,64
FX_15_1_54,train,65
93L_1741,train,66
FX_30_2_114,train,67
ZJC_3300,train,68
FX_31_1_118,train,69
FX_9_1_142,train,70
ZJC_2460,train,71
93L_2739,train,72
FX_23_1_46,train,73
FX_32_1_104,test,0
FX_11_1_90,test,1
93L_3721,test,2
ZJC_2700,test,3
93L_4860,test,4
FX_32_2_28,test,5
FX_33_1_24,test,6
FX_14_1_66,test,7
ZJC_1325,test,8
ZJC_375,test,9
ZJC_6705,test,10
FX_16_1_14,test,11
FX_19_1_108,test,12
ZJC_6130,test,13
FX_17_1_80,test,14
ZJC_4200,test,15
ZJC_4850,test,16
ZJC_1375,test,17
93L_2161,test,18
FX_15_1_38,test,19
FX_20_0_60,test,20
FX_9_1_132,test,21
FX_7_1_116,test,22
ZJC_2465,test,23
FX_11_1_34,test,24
