site,sample_id,age_Ma
Jiaxian,FT_527,4.012352941
Jiaxian,FT_529,4.03
Jiaxian,FT_533,4.065294118
Jiaxian,FT_539,4.118235294
Jiaxian,FT_547,4.19375
Jiaxian,FT_549,4.22125
Jiaxian,FT_559,4.342777778
Jiaxian,FT_561,4.363888889
Jiaxian,FT_567,4.427222222
Jiaxian,FT_574,4.494
Jiaxian,FT_579,4.529
Jiaxian,FT_587,4.585
Jiaxian,FT_593,4.628181818
Jiaxian,FT_597,4.660909091
Jiaxian,FT_599,4.677272727
Jiaxian,FT_606,4.734545455
Jiaxian,FT_611,4.775454545
Jiaxian,FT_617,4.819285714
Jiaxian,FT_622,4.851428571
Jiaxian,FT_627,4.883571429
Jiaxian,FT_630,4.9125
Jiaxian,FT_631,4.92375
Jiaxian,FT_659,5.090576923
Jiaxian,FT_662,5.105
Jiaxian,FT_669,5.138653846
Jiaxian,FT_671,5.148269231
Jiaxian,FT_687,5.225192308
Jiaxian,FT_699,5.280416667
Jiaxian,FT_701,5.289583333
Jiaxian,FT_712,5.34
Jiaxian,FT_715,5.35375
Jiaxian,FT_725,5.399583333
Jiaxian,FT_735,5.445416667
Jiaxian,FT_745,5.49125
Jiaxian,FT_754,5.5325
Jiaxian,FT_765,5.582916667
Jiaxian,FT_775,5.62875
Jiaxian,FT_777,5.637916667
Jiaxian,FT_783,5.665416667
Jiaxian,FT_793,5.71125
Jiaxian,FT_802,5.7525
Jiaxian,FT_805,5.76625
Jiaxian,FT_814,5.8075
Jiaxian,FT_824,5.853333333
Jiaxian,FT_834,5.8995
Jiaxian,FT_839,5.92325
Jiaxian,FT_845,5.95175
Jiaxian,FT_857,6.00875
Jiaxian,FT_868,6.061
Jiaxian,FT_872,6.08
Jiaxian,FT_881,6.12275
Jiaxian,FT_895,6.157166667
Jiaxian,FT_914,6.192
Jiaxian,FT_933,6.226833333
Jiaxian,FT_939,6.237833333
Jiaxian,FT_956,6.269
Jiaxian,FT_973,6.325288889
Jiaxian,FT_991,6.384888889
Jiaxian,FT_1007,6.437866667
Jiaxian,FT_1018,6.474288889
Shilou,2-SL01_570,4.16447021
Shilou,2-SL01_630,4.195812292
Shilou,2-SL01_960,4.51234359
Shilou,2-SL01_1190,4.721494928
Shilou,2-SL01_1220,4.76257971
Shilou,2-SL01_1430,5.052685897
Shilou,2-SL01_1650,5.324908334
Shilou,2-SL01_1680,5.35429697
Shilou,2-SL01_1840,5.470116815
Shilou,2-SL01_2150,5.694517766
Shilou,2-SL01_2190,5.723472727
Shilou,2-SL01_2360,5.856799508
Shilou,2-SL01_2440,5.919541523
Shilou,2-SL01_2500,5.966598034
Shilou,2-SL01_2510,5.974440786
Shilou,2-SL01_2550,6.005811793
Shilou,2-SL01_2570,6.019332911
Shilou,2-SL01_2610,6.042046377
Shilou,2-SL01_2650,6.064759842
Shilou,2-SL01_2710,6.098830041
Shilou,2-SL01_2800,6.149935338
Shilou,2-SL01_2840,6.172648804
Shilou,2-SL01_2860,6.184005536
Shilou,2-SL01_2960,6.2407892
Shilou,2-SL01_3000,6.263502666
Shilou,2-SL01_3040,6.286216131
Shilou,2-SL01_3050,6.291894497
Shilou,2-SL01_3100,6.320286329
Shilou,2-SL01_3230,6.394105092
Shilou,2-SL01_3290,6.42817529
Shilou,2-SL01_3300,6.433853657
Shilou,2-SL01_3360,6.467923855
