Sample ID,Depth(m),Age (Ma),Xlf,Ampl  46,d13Cc,d13Cc_std,d18Oc,d18Oc_std,d13Cc_n,d18Oc_n,Cal%,d13Co,d13Co_std,Temperature,Temperature_std,d13Ca,d13Ca_std,aAl,aFe,aSi,fFe,aAl_std,aFe_std,aSi_std,fFe_std,aAl_sem,aFe_sem,aSi_sem,fFe_sem,aAl_n,aFe_n,aSi_n,fFe_n,n_measurements_max,aFe/aSi,aFe/aSi_std,aFe/aAl,aFe/aAl_std,aSi/aAl,aSi/aAl_std,aFe/fFe,aFe/fFe_std,aSi/fFe,aSi/fFe_std,aAl/fFe,aAl/fFe_std,D,D_std,R,R_std,R_90_low,R_90_high
FT_527,26.35,4.012352941,105.8823529,10585,-4.543883568,0.017247222,-9.409347936,0.053638606,6,6,0.070618123,-23.46797948,0.426849898,20.5882353,3.442647059,-6.235114244,0.254292186,0.17183,0.1280425,0.12927,2.0375,0.0,0.0,0.0,0.0,0.0,0.0,0.0,0.0,2,2,2,2,2,0.990504371,0.0,0.745169644,0.0,0.752313333,0.0,0.062842945,0.0,0.063445399,0.0,0.084333742,0.0,23.168,0.140545366,0.7904368290451479,0.1430593675381517,0.5721689238249266,1.0398451936676825
FT_529,26.45,4.03,106.5,6061,-4.714391429,0.030130826,-9.384641402,0.016157558,6,6,0.075989334,-23.254635,0.400643216,20.5,3.414285714,-6.236280992,0.255444749,0.142,0.11094,0.13203,1.86249,0.009899495,0.011228856,0.012770348,0.121212244,0.007,0.00794,0.00903,0.08571,2,2,2,2,2,0.840263576,0.117636741,0.781267606,0.096018835,0.929788732,0.110857574,0.05956542,0.007167702,0.070888971,0.008264225,0.07624202,0.007271287,15.565,0.178896618,0.722853406859127,0.135232236269444,0.516570941479937,0.959716169551364
FT_533,26.65,4.065294118,100.0,11759,-4.101218021,0.007194906,-8.686161127,0.066273424,6,6,0.096598622,-22.98686358,0.453278434,20.32352941,3.357563025,-6.238614487,0.257749873,0.142,0.1146675,0.1376225,1.8692,0.014142136,0.012257696,0.020679338,0.041295036,0.01,0.0086675,0.0146225,0.0292,2,2,2,2,2,0.833203146,0.153647695,0.807517606,0.117979933,0.969172535,0.174712348,0.061345763,0.006696305,0.073626418,0.011182138,0.075968329,0.00774979,15.65733333,0.026388129,0.8252563982903905,0.1534411754346702,0.5917310810968068,1.094400360579381
FT_539,26.95,4.118235294,100.0,8727,-4.482222209,0.025607941,-9.477472114,0.041731283,6,6,0.073017376,-23.31678089,0.853198581,20.05882353,3.272478992,-6.24211473,0.26120756,0.1475,0.1184975,0.14252,1.9541,0.013435029,0.014845707,0.013463313,0.048224682,0.0095,0.0104975,0.00952,0.0341,2,2,2,2,2,0.83144471,0.130459074,0.803372881,0.124437932,0.966237288,0.126795651,0.060640448,0.007743203,0.072933831,0.007121005,0.075482319,0.00712319,16.94133333,0.187203989,0.7716278768302071,0.1694463198822346,0.5080694041262147,1.0635333804030138
FT_547,27.35,4.19375,93.2038835,9625,-4.221386009,0.025539512,-9.504471352,0.053147907,6,6,0.10657837,-22.5713806,0.551509707,19.68125,3.151116071,-6.247107438,0.266139566,0.132,0.095243288,0.121841284,1.8047,0.012727922,0.006000915,0.009675036,0.105641753,0.009,0.004243288,0.006841283,0.0747,2,2,2,2,2,0.781699645,0.079238401,0.721540061,0.083109698,0.923040027,0.115298647,0.052775136,0.004538772,0.067513317,0.006660261,0.073142351,0.008250542,17.05733333,0.294002268,0.7236094951153913,0.1460709283742986,0.4988917335388468,0.976644927569396
FT_549,27.45,4.22125,92.52336449,8125,-4.177552193,0.029473717,-9.590135599,0.020321581,6,6,0.11722945,-22.39643506,0.49413254,19.54375,3.106919643,-6.24892562,0.267935643,0.1315,0.09375394,0.116873268,1.58136,0.013435029,0.006723086,0.009720268,0.124507362,0.0095,0.00475394,0.006873268,0.08804,2,2,2,2,2,0.80218464,0.088092306,0.712957719,0.088992755,0.888770095,0.11708626,0.059286905,0.006313822,0.073906806,0.00846426,0.083156271,0.010725967,16.60866667,0.121631959,0.705889901802919,0.1410345052634571,0.4902651409655386,0.9494720092933608
FT_559,27.95,4.342777778,93.2038835,4098,-4.392396891,0.054919638,-9.907265578,0.048269038,6,6,0.169993071,-23.0873127,1.525063741,18.93611111,2.911607142,-6.256960514,0.275872848,0.15559,0.08900375,0.093306125,1.8075,0.0,0.0,0.0,0.0,0.0,0.0,0.0,0.0,2,2,2,2,2,0.953889683,0.0,0.572040298,0.0,0.5996923,0.0,0.049241355,0.0,0.051621646,0.0,0.086080221,0.0,21.253,0.220061355,0.7317227203823472,0.2287236185930592,0.3676397729930717,1.117930779423107
FT_561,28.05,4.363888889,84.86238532,11740,-4.156218625,0.012812754,-9.327809674,0.052784152,6,6,0.064344333,-23.08374274,1.523761845,19.12435898,2.90534188,-6.25835629,0.277251654,0.1425,0.105078245,0.132939559,1.67294,0.012020815,0.007181723,0.006985591,0.012247089,0.0085,0.005078245,0.004939559,0.00866,2,2,2,2,2,0.790421194,0.068143451,0.737391193,0.080057969,0.932909186,0.092716511,0.062810528,0.004317431,0.079464631,0.004215966,0.085179385,0.00721245,15.957,0.092244241,0.7911834209642925,0.238552129579935,0.4106938353071371,1.1960959226744596
FT_567,28.35,4.427222222,98.5,8464,-4.463388669,0.021360399,-9.738464744,0.039611867,6,6,0.072091635,-22.95024132,1.007916211,20.14743589,2.929700855,-6.262543618,0.281388072,0.148,0.109711234,0.138269351,1.7514,0.0,0.000408377,0.001033294,0.072690577,0.0,0.000288766,0.000730649,0.0514,2,2,2,2,2,0.793460251,0.006624414,0.741292122,0.002759303,0.934252372,0.006981714,0.06264202,0.002610346,0.078947899,0.003329366,0.084503826,0.00350727,16.36966667,0.753130356,0.7311081758493878,0.1779157143750006,0.4500132088912668,1.0341428590194377
FT_574,28.7,4.494,86.57407407,8770,-4.040551469,0.017258814,-9.318456551,0.032519225,6,6,0.1244271,-22.8094793,0.46401581,21.22615385,2.955384615,-6.266958678,0.285749454,0.1395,0.097870986,0.134718737,1.54111,0.003535534,0.001596667,0.012330155,0.062918361,0.0025,0.001129014,0.008718737,0.04449,2,2,2,2,2,0.726483847,0.067539572,0.701584129,0.021146466,0.96572571,0.091714417,0.063506814,0.002792107,0.087416691,0.008760737,0.090519171,0.004349774,16.95133333,0.113957594,0.8456196693312078,0.1525241994919485,0.6116336720272498,1.1108031354455816
FT_579,28.95,4.529,84.5,8862,-4.134215795,0.02096346,-9.379286694,0.047596919,6,6,0.10877247,-23.15977794,0.540387213,21.79153846,2.968846154,-6.269272727,0.288035369,0.1415,0.092349836,0.131168388,1.49004,0.003535534,0.006576325,0.001176077,0.147021642,0.0025,0.004650164,0.000831612,0.10396,2,2,2,2,2,0.704055584,0.05053236,0.652649018,0.049253659,0.926985074,0.024607875,0.061978092,0.007541666,0.088030112,0.008721683,0.094963894,0.00966581,15.70966667,0.181720481,0.8884312184022288,0.1614559446349744,0.6434998275485011,1.1700373586553516
FT_587,29.35,4.585,88.23529412,10018,-4.487873625,0.020755722,-9.236960825,0.046720445,6,6,0.104994839,-23.35823678,0.569342407,22.69615385,2.990384615,-6.272975207,0.291692833,0.133,0.092421559,0.129835797,1.57969,0.008485281,0.002010387,0.01532413,0.097453457,0.006,0.001421559,0.010835797,0.06891,2,2,2,2,2,0.711834186,0.0854306,0.694898936,0.046839959,0.976208996,0.130974729,0.058506136,0.003827128,0.082190681,0.01094594,0.084193734,0.007472007,16.77766667,0.087797115,0.8538043367243616,0.1561893459316238,0.613684156947315,1.1247553284327398
FT_593,29.65,4.628181818,96.22641509,6606,-5.251854537,0.019068298,-9.810764066,0.031726435,6,6,0.047945696,-23.40989248,0.550979249,23.39370629,3.006993007,-6.275830203,0.294513118,0.1425,0.107341634,0.125213698,1.8143,0.000707107,0.005173712,0.002526213,0.020223254,0.0005,0.003658367,0.001786303,0.0143,2,2,2,2,2,0.857267501,0.044792862,0.753274621,0.036498651,0.878692614,0.018256142,0.059164214,0.002926893,0.06901488,0.001590768,0.078542689,0.000958315,16.85266667,0.134945668,0.7051937917073511,0.1362089525527627,0.4943970515096347,0.9407759663254478
FT_597,29.85,4.660909091,95.71428571,8247,-5.315982329,0.026643949,-10.22521299,0.033098338,6,6,0.077397661,-23.44904206,0.537061909,23.92237762,3.01958042,-6.277993989,0.296650598,0.14819,0.10748875,0.10368925,1.8325,0.0,0.0,0.0,0.0,0.0,0.0,0.0,0.0,2,2,2,2,2,1.036643143,0.0,0.725344153,0.0,0.699704771,0.0,0.058656889,0.0,0.056583492,0.0,0.080867667,0.0,20.433,0.095827971,0.7100681224228669,0.1353400499867589,0.5007697655644778,0.9449232356454046
FT_599,29.95,4.677272727,96.0,7696,-5.034026646,0.016363577,-9.615440976,0.041069453,6,6,0.045814082,-23.46861686,0.530103239,24.18671328,3.025874126,-6.279075883,0.297719337,0.1695,0.137593908,0.164534797,1.9066,0.003535534,0.009059582,0.013484239,0.033092597,0.0025,0.006406092,0.009534797,0.0234,2,2,2,2,2,0.836260235,0.087913587,0.811763469,0.056066765,0.970706767,0.082089281,0.07216716,0.004914021,0.086297491,0.007229275,0.08890171,0.002412404,23.03333333,0.090467305,0.7807521273117856,0.1450520628405579,0.5589415148573923,1.032410588817767
FT_606,30.3,4.734545455,95.58823529,10362,-4.435708262,0.018904144,-9.415951438,0.032960583,6,6,0.062211313,-23.52810078,0.485139533,25.11188812,3.047902098,-6.282862509,0.301459926,0.172,0.137548795,0.16234092,1.72788,0.021213203,0.019022877,0.010831576,0.079365665,0.015,0.013451206,0.007659081,0.05612,2,2,2,2,2,0.847283574,0.130102485,0.799702294,0.148188032,0.943842555,0.132348937,0.079605525,0.011600694,0.093953816,0.007610548,0.09954395,0.013100797,22.522,0.254536834,0.9704883690470738,0.1704316030906861,0.713262823032882,1.2679027688817075
FT_611,30.55,4.775454545,76.85185185,9211,-4.277878872,0.010695794,-9.659438668,0.047508947,6,6,0.161068557,-23.53834697,0.379421323,25.77272727,3.063636363,-6.285567243,0.304131775,0.10697375,0.08181375,0.109715,1.55927,0.002140766,0.003180213,0.013293607,0.052707739,0.00151375,0.00224875,0.0094,0.03727,2,2,2,2,2,0.745693387,0.094887594,0.764802113,0.033437393,1.025625445,0.125953389,0.052469264,0.002702862,0.070363055,0.008851092,0.06860502,0.002694976,25.74833333,0.381694031,1.0416122837714754,0.1773726904428459,0.7774215641348254,1.3520591281298828
FT_617,30.85,4.819285714,85.5,6497,-4.627209573,0.037802998,-10.47050575,0.033192871,6,6,0.124511319,-23.54932504,0.26615181,26.48076923,3.080494505,-6.288465171,0.30699447,0.13111,0.066055625,0.076533125,1.6475,0.0,0.0,0.0,0.0,0.0,0.0,0.0,0.0,2,2,2,2,2,0.863098495,0.0,0.503818359,0.0,0.583732171,0.0,0.040094461,0.0,0.046454097,0.0,0.079581184,0.0,20.96233333,0.029143324,0.96711158421084,0.1626971423403582,0.7250856735982122,1.2547675236412497
FT_622,31.1,4.851428571,72.0,7022,-4.273681189,0.019294213,-9.54729921,0.024221203,6,6,0.175114357,-23.59510691,0.440894635,26.99999999,3.092857143,-6.290590319,0.30909378,0.09600875,0.06926625,0.09181875,1.49824,0.007419318,0.003226175,0.005453561,0.054814918,0.00524625,0.00228125,0.00385625,0.03876,2,2,2,2,2,0.754380233,0.05694003,0.72145768,0.06509603,0.956358144,0.093212119,0.046231745,0.002738198,0.061284407,0.004275131,0.064081022,0.005478971,26.50866667,0.073799277,1.0967514091053905,0.1904829735837773,0.8144637261983732,1.4358342503063677
FT_627,31.35,4.883571429,94.85981308,7410,-4.779849374,0.035695471,-9.464135227,0.040474272,6,6,0.098397211,-23.93386357,0.594150906,27.09169435,3.122093024,-6.292715466,0.31119309,0.11194875,0.08924125,0.10749,1.89355,0.008883029,0.00256503,0.015966471,0.032739044,0.00628125,0.00181375,0.01129,0.02315,2,2,2,2,2,0.830228393,0.125608955,0.797161648,0.067275977,0.960171507,0.161697408,0.04712907,0.00158081,0.056766391,0.00848896,0.059121095,0.004801278,20.9,0.161780716,1.000973610312511,0.1820565550462366,0.7257296073836144,1.3193673811067197
FT_630,31.5,4.9125,92.59259259,7226,-4.800527663,0.02541653,-9.565488776,0.028004761,6,6,0.088553705,-24.55111349,0.60611437,26.64767442,3.169186047,-6.294628099,0.313082469,0.12959,0.083974375,0.087007375,1.8225,0.0,0.0,0.0,0.0,0.0,0.0,0.0,0.0,2,2,2,2,2,0.965140886,0.0,0.648000424,0.0,0.671405008,0.0,0.046076475,0.0,0.047740672,0.0,0.071105624,0.0,21.42833333,0.161401157,1.0646647554025108,0.1848826376550832,0.7855864256289057,1.3891771573794354
FT_631,31.55,4.92375,107.0754717,5954,-5.074516924,0.017224982,-9.658462289,0.020992856,6,6,0.062293076,-24.79115513,0.610766828,26.475,3.1875,-6.295371901,0.313817227,0.12500125,0.108665,0.11249875,2.09286,0.000220971,0.000205061,0.000899793,0.075151309,0.00015625,0.000145,0.00063625,0.05314,2,2,2,2,2,0.965921844,0.007937807,0.869311307,0.002247814,0.899981,0.007371991,0.051921772,0.001867002,0.053753596,0.001977509,0.059727478,0.002147317,20.26733333,0.395135842,1.016063294355734,0.1744341839948155,0.7522337620739575,1.321579845535915
FT_659,32.95,5.090576923,113.7254902,7244,-6.018087245,0.058455681,-10.16838905,0.033927373,6,6,0.068634644,-24.80331122,0.49574423,23.91440072,3.459078712,-6.30640178,0.324713005,0.16927,0.10054875,0.10546475,2.2175,0.0,0.0,0.0,0.0,0.0,0.0,0.0,0.0,2,2,2,2,2,0.953387269,0.0,0.594014001,0.0,0.62305636,0.0,0.045343292,0.0,0.047560203,0.0,0.076333709,0.0,17.35666667,0.122712401,0.7313824104701373,0.1318923314719499,0.5300309350427295,0.9613711348251368
FT_662,33.1,5.105,113.0,8555,-5.942852861,0.025404068,-9.928620237,0.050678069,6,6,0.068029777,-24.66293713,0.47846385,23.69302326,3.48255814,-6.307355372,0.325655003,0.1533125,0.1328,0.15798,2.00444,0.010702061,0.016786715,0.007594327,0.081232427,0.0075675,0.01187,0.00537,0.05744,2,2,2,2,2,0.840612736,0.113682849,0.866204647,0.12507973,1.030444354,0.087336931,0.066252919,0.008794648,0.078815031,0.004955479,0.07648645,0.006173736,18.234,0.117987287,0.7244786474404605,0.1312195413838162,0.5239452590807501,0.9532209037959548
FT_669,33.45,5.138653846,114.1509434,7695,-6.319060775,0.020588022,-10.0522416,0.036467794,6,6,0.060972707,-24.33539757,0.438142961,23.17647585,3.53734347,-6.30958042,0.327852998,0.16682,0.103183125,0.106561375,2.2175,0.0,0.0,0.0,0.0,0.0,0.0,0.0,0.0,2,2,2,2,2,0.968297613,0.0,0.618529703,0.0,0.638780572,0.0,0.046531285,0.0,0.048054735,0.0,0.075228861,0.0,16.56366667,0.243791578,0.6064349949711245,0.1172988457835886,0.4267136714704119,0.8100660947739585
FT_671,33.55,5.148269231,128.4313725,11856,-6.521854597,0.013991664,-9.709460643,0.046975526,6,6,0.030197437,-24.24181484,0.426622707,23.02889087,3.552996423,-6.310216148,0.328480997,0.16450125,0.14202375,0.151485,2.27856,0.000638164,0.004530787,0.000417193,0.05509776,0.00045125,0.00320375,0.000295,0.03896,2,2,2,2,2,0.937543321,0.030020388,0.863359701,0.027745465,0.920874461,0.004381105,0.062330485,0.002495113,0.066482779,0.00161801,0.072195268,0.001768074,18.01566667,0.437893062,0.5582147999196789,0.1122384361678746,0.3850518741235964,0.7526881189355518
FT_687,34.35,5.225192308,108.4158416,8109,-5.91585278,0.02397012,-9.735126481,0.029471455,6,6,0.083460981,-23.76992862,0.191342894,21.84821109,3.678220036,-6.315301971,0.333504986,0.139545,0.12353625,0.13859625,1.92438,0.001534422,0.001136674,0.012079152,0.038438325,0.001085,0.00080375,0.00854125,0.02718,2,2,2,2,2,0.891339051,0.078115063,0.885278942,0.012692893,0.993201118,0.0872472,0.064195351,0.001411769,0.072021248,0.006439647,0.072514264,0.001653398,19.08933333,0.239366525,0.5873366375299017,0.1131743667323735,0.4155216461076486,0.7849945574947149
FT_699,34.95,5.280416667,94.33962264,6839,-5.433351333,0.024105324,-9.946452994,0.030677353,6,6,0.10127727,-24.5969261,0.684060515,21.00058139,3.768120156,-6.318953168,0.337111792,0.133985,0.10299625,0.13442,1.76916,0.004094148,0.007320323,0.021474833,0.072068323,0.002895,0.00517625,0.015185,0.05096,2,2,2,2,2,0.766227124,0.133979088,0.768714782,0.059470831,1.003246632,0.163183303,0.0582176,0.004769184,0.075979561,0.01252682,0.075733682,0.00385657,18.52933333,0.294510328,0.7557201896349395,0.1509293563054034,0.5253301298188856,1.018320331057598
FT_701,35.05,5.289583333,99.00990099,8070,-5.266661666,0.017944358,-9.658030015,0.047997569,6,6,0.108729772,-24.30540652,0.6520701,20.85988373,3.783042635,-6.319559229,0.337710484,0.15124,0.08109,0.09891775,1.61,0.0,0.0,0.0,0.0,0.0,0.0,0.0,0.0,2,2,2,2,2,0.819771982,0.0,0.536167681,0.0,0.654044896,0.0,0.05036646,0.0,0.061439596,0.0,0.093937888,0.0,20.63866667,0.178550646,0.7523974792855974,0.1511197205792731,0.52175627635227,1.0157114868337216
FT_712,35.6,5.34,79.24528302,7570,-5.405779582,0.009948199,-9.737777961,0.028589625,6,6,0.115285035,-23.26946549,0.361461354,20.30727273,3.785454545,-6.322892562,0.341003291,0.1152775,0.0848375,0.10939875,1.49924,0.009019147,0.000357089,0.002791304,0.0512511,0.0063775,0.0002525,0.00197375,0.03624,2,2,2,2,2,0.775488751,0.020053985,0.735941532,0.057662278,0.949003492,0.078097204,0.056587004,0.001949019,0.072969471,0.003112649,0.076890625,0.006564978,19.51333333,0.111253464,0.5893553166970307,0.1234066201685991,0.4020796781142807,0.804862788700983
FT_715,35.75,5.35375,54.5,8749,-5.06050695,0.01692828,-9.257076924,0.021609412,6,6,0.104151458,-23.20296452,0.346581832,20.17227273,3.780454545,-6.323801653,0.341901329,0.13495,0.0645,0.087636375,1.345,0.0,0.0,0.0,0.0,0.0,0.0,0.0,0.0,2,2,2,2,2,0.735995755,0.0,0.477954798,0.0,0.649398851,0.0,0.04795539,0.0,0.065157156,0.0,0.100334572,0.0,21.09866667,0.394006768,0.6449727493276853,0.1314029920662774,0.4468649391074856,0.8761783623867536
FT_725,36.25,5.399583333,67.32673267,7549,-5.064115989,0.011285684,-9.676114031,0.03977143,6,6,0.105402681,-22.98129464,0.296983425,19.72227273,3.763787879,-6.326831956,0.344894789,0.12884375,0.087695,0.11934125,1.53391,0.006344516,0.001159655,0.004894947,0.011186429,0.00448625,0.00082,0.00346125,0.00791,2,2,2,2,2,0.734825553,0.031667579,0.680630609,0.034703053,0.926247878,0.05936022,0.05717089,0.000863359,0.07780199,0.003241205,0.083996942,0.004181287,21.877,0.144180443,0.6066798295883576,0.1255356286606591,0.4166054789868448,0.8262970205351842
FT_735,36.75,5.445416667,68.81188119,7445,-4.938617117,0.025500327,-9.779942757,0.032453043,6,6,0.08553857,-23.02754139,0.342778162,19.27227272,3.747121212,-6.329862259,0.34788825,0.1317825,0.09537375,0.12593,1.62956,0.017405433,0.000624022,0.007771104,0.009560084,0.0123075,0.00044125,0.005495,0.00676,2,2,2,2,2,0.757355277,0.046998137,0.723720904,0.095704081,0.955589703,0.139307853,0.058527302,0.000514333,0.077278529,0.004790338,0.080869989,0.010691595,19.151,0.277248986,0.6263211180531719,0.1299582114012571,0.429893458923576,0.8540882171311478
FT_745,37.25,5.49125,50.45454545,10205,-4.174623989,0.028633314,-8.948646313,0.05311748,6,6,0.302837717,-23.5407356,0.581500908,18.82227273,3.730454545,-6.332892562,0.35088171,0.0727,0.04263375,0.07929875,1.00398,0.018151431,0.004527251,0.002717058,0.053711831,0.012835,0.00320125,0.00192125,0.03798,2,2,2,2,2,0.537634578,0.059989455,0.586433975,0.159110886,1.09076685,0.274890559,0.04246474,0.005049255,0.078984392,0.005017918,0.072411801,0.01848986,19.29966667,0.200589963,0.8500808996111003,0.1687223503526707,0.5943936246498503,1.1463810157350032
FT_754,37.7,5.5325,60.0,7959,-4.753285451,0.007788881,-9.587451299,0.022818852,6,6,0.101082898,-23.64328591,0.683769246,18.41727273,3.715454545,-6.335619835,0.353575825,0.1274775,0.0901475,0.13094625,1.48757,0.019427759,0.010532356,0.010159357,0.017578675,0.0137375,0.0074475,0.00718375,0.01243,2,2,2,2,2,0.688431322,0.09655148,0.707164009,0.135798608,1.027210684,0.175666582,0.06060051,0.007116365,0.08802695,0.006908263,0.085695127,0.013099265,20.761,0.126384334,0.7202358165504473,0.1542403391365879,0.4844964550395296,0.9894599968915492
FT_765,38.25,5.582916667,55.88235294,6835,-4.649119721,0.01712795,-9.795775387,0.028547621,6,6,0.087669531,-23.62284481,0.587225465,17.92227272,3.697121212,-6.338953168,0.356868631,0.12632375,0.080545,0.13934375,1.40279,0.01709961,0.004313351,0.020090671,0.018087791,0.01209125,0.00305,0.01420625,0.01279,2,2,2,2,2,0.578030949,0.088903869,0.637607734,0.09281753,1.103068505,0.218149199,0.057417718,0.003162712,0.099333293,0.014379096,0.09005179,0.012244892,21.60966667,0.297022446,0.7271467436159078,0.1485659731238494,0.5011072753633151,0.9859738268061788
FT_775,38.75,5.62875,53.5,8778,-4.528620805,0.013995237,-9.126638415,0.029384803,6,6,0.106418883,-23.56487879,0.439608822,17.47227273,3.680454545,-6.341983471,0.359862091,0.10947125,0.06787375,0.10086,1.30248,0.013390835,0.005824792,0.010776307,0.059227264,0.00946875,0.00411875,0.00762,0.04188,2,2,2,2,2,0.672950129,0.092222215,0.620014387,0.0926452,0.921337794,0.149638885,0.052111165,0.005061092,0.07743689,0.008991837,0.084048316,0.010968432,24.89533333,0.591656432,0.7339959199636407,0.1419746864749242,0.5182740393600965,0.9815705370223397
FT_777,38.85,5.637916667,50.5,8980,-4.444042685,0.020056587,-9.330401679,0.033476858,6,6,0.138688207,-23.55328558,0.410085492,17.38227272,3.677121212,-6.342589532,0.360460784,0.11108,0.05745875,0.0723755,1.3025,0.0,0.0,0.0,0.0,0.0,0.0,0.0,0.0,2,2,2,2,2,0.793897797,0.0,0.517273587,0.0,0.651561937,0.0,0.044114203,0.0,0.055566603,0.0,0.08528215,0.0,22.49233333,0.399905405,0.7490026727809376,0.1414123007193932,0.5351069301918921,0.9965211010627568
FT_783,39.15,5.665416667,43.5,9734,-4.313990943,0.017566066,-9.253347961,0.04192215,6,6,0.18177125,-23.51850597,0.321515506,17.11227272,3.667121212,-6.344407714,0.36225686,0.08704125,0.04654875,0.07896625,1.14176,0.007847118,0.0004826,0.001097783,0.026813489,0.00554875,0.00034125,0.00077625,0.01896,2,2,2,2,2,0.589476517,0.010222813,0.534789539,0.048531179,0.907227895,0.082756932,0.040769295,0.00104659,0.069161864,0.001887471,0.076234279,0.007102179,25.46066667,0.332626417,0.766757289819238,0.1412165143581455,0.5542165091504607,1.0157509044280648
FT_793,39.65,5.71125,54.09090909,7243,-4.717309765,0.017002941,-9.387850539,0.016869104,6,6,0.088401916,-23.49046061,0.294878324,16.66227273,3.650454545,-6.347438017,0.36525032,0.11727375,0.08224875,0.11693375,1.48045,0.002172586,0.009819945,0.014182794,0.00940452,0.00153625,0.00694375,0.01002875,0.00665,2,2,2,2,2,0.70337905,0.119710494,0.701339814,0.084737267,0.9971008,0.122340083,0.055556588,0.006642464,0.078985275,0.009593187,0.079214935,0.001551395,19.61433333,0.22021429,0.6649287697950864,0.1259698380693263,0.474044639216221,0.8858417819522533
FT_802,40.1,5.7525,57.79816514,9684,-4.969467359,0.023303791,-9.420351161,0.033254574,6,6,0.189598618,-23.60331204,0.519305513,16.25727273,3.635454545,-6.3485,0.367781155,0.10534125,0.0723025,0.10685625,1.35643,0.008533011,0.001870297,0.000995253,0.031437967,0.00603375,0.0013225,0.00070375,0.02223,2,2,2,2,2,0.676633327,0.018602938,0.686364553,0.058364017,1.01438183,0.082709875,0.053303525,0.001851336,0.078777563,0.001967741,0.077660661,0.006543224,20.35733333,0.074594459,0.6205336917488303,0.1284179371920584,0.4231699972649769,0.8437134356599792
FT_805,40.25,5.76625,61.0,11051,-4.746358494,0.025089174,-9.851507379,0.083079881,6,6,0.112770551,-23.64093525,0.484470471,16.12227273,3.630454545,-6.34025,0.367781155,0.11793,0.061548125,0.06961125,1.4575,0.0,0.0,0.0,0.0,0.0,0.0,0.0,0.0,2,2,2,2,2,0.884169226,0.0,0.521903884,0.0,0.590276011,0.0,0.042228559,0.0,0.04776072,0.0,0.080912521,0.0,20.01433333,0.113443084,0.6646854732773584,0.1312990811349716,0.4638627086996488,0.89259379014152
FT_814,40.7,5.8075,56.76567656,8867,-4.906302965,0.026197328,-9.271181636,0.048030893,6,6,0.196904116,-23.7538049,0.379965344,15.71727273,3.615454545,-6.33875,0.367211246,0.080725,0.051855,0.07194875,1.2572,0.000183848,9.9e-05,0.000330572,0.102106219,0.00013,7e-05,0.00023375,0.0722,2,2,2,2,2,0.720721347,0.003585868,0.642366058,0.001908959,0.891282131,0.004570526,0.041246421,0.003350843,0.057229359,0.004655438,0.06421015,0.005217016,22.63066667,0.303078098,0.6373571160716459,0.1214078423403682,0.451964514364979,0.8496053751259967
FT_824,41.2,5.853333333,60.78431373,7911,-5.121461891,0.021096603,-9.415351066,0.037184226,6,6,0.136269829,-23.87921561,0.263848537,15.30656566,3.595959596,-6.412592593,0.36519194,0.09981375,0.06804625,0.10373375,1.5014,0.004859591,0.002239761,0.007532455,0.022627417,0.00343625,0.00158375,0.00532625,0.016,2,2,2,2,2,0.655970212,0.052297381,0.681732226,0.040064744,1.039273146,0.09085817,0.045321866,0.001640718,0.069091348,0.005123872,0.066480452,0.003388231,22.087,0.272457336,0.6073002117845315,0.1124820464451941,0.4354057187874204,0.8029934741263718
FT_834,41.7,5.8995,87.12871287,7860,-5.927766214,0.023757104,-9.762024375,0.021080797,6,6,0.097814972,-24.03792347,0.463766039,15.3975,3.54,-6.386944444,0.366751098,0.10420125,0.0878125,0.0926875,1.7897,0.011863484,0.007357446,0.014379016,0.008909545,0.00838875,0.0052025,0.0101675,0.0063,2,2,2,2,2,0.947403911,0.167040883,0.842720217,0.119125794,0.889504684,0.171166378,0.049065486,0.004118244,0.051789406,0.008038452,0.058222747,0.00663509,24.493,0.30939457,0.4893842633666694,0.1048149891185415,0.3270212786219769,0.6706753683588408
FT_839,41.95,5.92325,86.53846154,6016,-5.568644161,0.038935845,-10.38761133,0.039911987,6,6,0.094684494,-23.81994486,0.435802647,15.4442803,3.511212121,-6.37375,0.367553191,0.12889,0.090369375,0.08650575,1.89,0.0,0.0,0.0,0.0,0.0,0.0,0.0,0.0,2,2,2,2,2,1.044663216,0.0,0.701135658,0.0,0.671159516,0.0,0.047814484,0.0,0.045770238,0.0,0.068195767,0.0,22.04733333,0.245063937,0.523222768283449,0.1079442143084407,0.3555810300054713,0.709178110343504
FT_845,42.25,5.95175,71.56862745,8001,-5.240256638,0.017625739,-9.45700791,0.018967516,6,6,0.15678116,-24.2624391,0.410928243,15.50041667,3.476666667,-6.53075,0.367781155,0.08946,0.0605675,0.07850375,1.5512,0.005670996,0.003227942,0.006648572,0.073539105,0.00401,0.0022825,0.00470125,0.052,2,2,2,2,2,0.771523653,0.077202269,0.677034429,0.056070652,0.877529063,0.092831875,0.039045578,0.002785091,0.0506084,0.004911908,0.05767148,0.004565155,21.04333333,0.379269473,0.6415806445137628,0.118213696133141,0.4594848666992322,0.8459288793581758
FT_857,42.85,6.00875,77.45098039,5835,-5.303266651,0.02733252,-9.897254055,0.029209587,6,6,0.106435046,-24.11349424,0.268779286,15.61268939,3.407575758,-6.39125,0.367781155,0.09690125,0.068575,0.0813225,1.4958,0.00972095,0.009050967,0.011338457,0.075236162,0.00687375,0.0064,0.0080175,0.0532,2,2,2,2,2,0.843247564,0.161894683,0.70767921,0.117321456,0.83923066,0.144150628,0.045845033,0.00647541,0.054367228,0.008058368,0.064782224,0.007269951,24.139,0.161055891,0.6061238009296605,0.1077595175411098,0.4416865862066635,0.7933442974382973
FT_868,43.4,6.061,72.5,7698,-4.269769085,0.026412118,-9.419667835,0.031513489,6,6,0.14319548,-24.24681672,0.493667006,15.71560606,3.344242424,-6.465,0.367781155,0.0878825,0.05596375,0.07328,1.3214,0.005759385,0.009788126,0.009079251,0.056002857,0.0040725,0.00692125,0.00642,0.0396,2,2,2,2,2,0.763697462,0.163690057,0.63680198,0.118939311,0.833840639,0.11687334,0.042351862,0.00762176,0.055456334,0.007261799,0.066507114,0.005190552,27.895,0.805823182,0.8421930352176724,0.1464360712986292,0.6191135253034838,1.0969262129093431
FT_872,43.6,6.08,72.11538462,5565,-4.408711399,0.012181954,-9.976826051,0.026389392,6,6,0.082431676,-23.47735944,0.403451743,15.7530303,3.321212121,-6.525,0.367781155,0.11217,0.066270625,0.07082925,1.45,0.0,0.0,0.0,0.0,0.0,0.0,0.0,0.0,2,2,2,2,2,0.935639231,0.0,0.590805251,0.0,0.631445574,0.0,0.045703879,0.0,0.048847759,0.0,0.077358621,0.0,29.57566667,0.491484825,0.7204060694482323,0.1323299511261553,0.517752209139436,0.9510550790846992
FT_881,44.05,6.12275,53.77358491,7032,-4.031731258,0.019718012,-9.456174426,0.040104863,6,6,0.124355166,-23.52329502,0.519928875,15.83723485,3.269393939,-6.589125,0.367781155,0.08216875,0.048705,0.0648975,1.1014,0.003615083,0.002361737,0.004946212,0.016122035,0.00255625,0.00167,0.0034975,0.0114,2,2,2,2,2,0.750491159,0.067794669,0.592743592,0.03880989,0.789807561,0.069505199,0.044220991,0.002239873,0.058922735,0.004572915,0.074603913,0.003459159,32.17966667,0.289275532,0.821720142261282,0.1523073611210537,0.5893839344604738,1.0879215271046547
FT_895,44.75,6.157166667,36.63366337,7125,-4.38637936,0.023829953,-9.465552534,0.016705289,6,6,0.289088956,-23.56027629,0.613700913,15.90502525,3.227676767,-6.343616667,0.367781155,0.08037,0.03311375,0.047448375,0.985,0.0,0.0,0.0,0.0,0.0,0.0,0.0,0.0,2,2,2,2,2,0.697890075,0.0,0.4120163,0.0,0.590374207,0.0,0.03361802,0.0,0.048170939,0.0,0.081593909,0.0,27.42866667,0.092153857,0.722653317376338,0.1412300744790254,0.5041144468022213,0.9669491137399188
FT_914,45.7,6.192,47.5,6569,-4.033556244,0.019815819,-9.275362641,0.06059923,6,6,0.160040478,-23.8614542,0.681463918,16.22666667,3.24,-6.4098,0.367781155,0.10032,0.047195625,0.063429875,1.2075,0.0,0.0,0.0,0.0,0.0,0.0,0.0,0.0,2,2,2,2,2,0.744059877,0.0,0.470450807,0.0,0.632275469,0.0,0.039085404,0.0,0.052529917,0.0,0.083080745,0.0,25.149,0.334514574,0.8576635952611826,0.1633715056128409,0.6077318992575196,1.1412479425790725
FT_933,46.65,6.226833333,76.73267327,7813,-5.703182863,0.021200629,-8.343161187,0.057164383,6,6,0.029947587,-24.07134976,0.625566138,17.02976851,3.35611111,-6.475983333,0.367781155,0.13561,0.08644375,0.10002175,1.7275,0.0,0.0,0.0,0.0,0.0,0.0,0.0,0.0,2,2,2,2,2,0.864249526,0.0,0.637443773,0.0,0.737569132,0.0,0.050039797,0.0,0.057899711,0.0,0.078500724,0.0,22.917,0.202457403,0.565986092912823,0.1215940441142483,0.3764219584935979,0.7744275874357013
FT_939,46.95,6.237833333,53.5,6760,-4.766181303,0.049842418,-9.355656279,0.061931414,6,6,0.160424809,-24.13763256,0.607914208,17.28337962,3.392777777,-6.496883333,0.367781155,0.08289125,0.0423425,0.072955,1.2433,0.003392345,0.001127835,0.006130616,0.074811897,0.00239875,0.0007975,0.004335,0.0529,2,2,2,2,2,0.580392022,0.051163442,0.5108199,0.024943252,0.880129085,0.082264502,0.034056543,0.002241053,0.058678517,0.0060647,0.066670353,0.004851637,23.22333333,0.118323004,0.7639795842332315,0.1458439409019734,0.5398306929499052,1.0164289176540389
FT_956,47.8,6.269,43.1372549,9800,-3.966720928,0.025345611,-8.965919252,0.049150449,6,6,0.211360546,-23.88246965,0.454213851,18.00194444,3.496666667,-6.507333333,0.367781155,0.0748825,0.0350525,0.06123,1.0619,0.002725897,0.001679379,0.004263854,0.077640325,0.0019275,0.0011875,0.003015,0.0549,2,2,2,2,2,0.572472644,0.048388914,0.468100023,0.028165985,0.817681034,0.064251188,0.033009229,0.002885456,0.057660797,0.005822028,0.070517469,0.005759539,23.384,0.169079863,0.94517349595719,0.16928744535418,0.69216982847491,1.2436991175431271
FT_973,48.65,6.325288889,57.21153846,7728,-4.22505378,0.024276875,-9.054672931,0.048746966,6,6,0.110224256,-23.68686303,0.531735901,19.29971605,3.684296297,-6.348511112,0.367781155,0.09609125,0.05364375,0.09562375,1.2932,0.002112482,7.95e-05,0.00200288,0.078913117,0.00149375,5.63e-05,0.00141625,0.0558,2,2,2,2,2,0.560987725,0.011779538,0.558258426,0.012300709,0.995134833,0.030216926,0.041481403,0.002532008,0.073943512,0.004770557,0.074305019,0.00481949,24.46366667,0.221730317,0.8734715872009053,0.1674633513642146,0.6211411183996628,1.1674057534455702
FT_991,49.55,6.384888889,62.5,8192,-4.043545436,0.028380745,-9.206174612,0.066176783,6,6,0.103439042,-23.92331541,0.484633785,19.85111111,3.780854701,-6.427688889,0.367781155,0.10434625,0.0658625,0.08526625,1.3648,0.0114074,0.0068554,0.011442755,0.06363961,0.00806625,0.0048475,0.00809125,0.045,2,2,2,2,2,0.772433407,0.131185773,0.631191825,0.095277426,0.817147238,0.141442362,0.048257987,0.005504013,0.062475271,0.008875888,0.076455341,0.009086843,23.48033333,0.100041658,0.982198718460076,0.1835273264339393,0.7097613543362337,1.308022376268407
FT_1007,50.35,6.437866667,52.0,7473,-3.695196087,0.020405882,-9.247175067,0.017915543,6,6,0.170279814,-23.97432499,0.388357939,19.32133333,3.740102564,-6.337626666,0.367781155,0.082265,0.04486,0.07062375,1.181,0.000997021,0.001131371,0.002830195,0.026587215,0.000705,0.0008,0.00200125,0.0188,2,2,2,2,2,0.635197083,0.030076411,0.545310886,0.015258335,0.858490853,0.035942295,0.037984759,0.001284121,0.059799958,0.00274869,0.06965707,0.001780956,25.94466667,0.127020996,1.057668668121603,0.1888148764411801,0.7802896595940005,1.393045118869482
FT_1018,50.9,6.474288889,73.03921569,7014,-4.495232868,0.023289483,-9.362843017,0.023387319,6,6,0.051980475,-23.31690792,0.438878736,18.95711111,3.71208547,-6.367872223,0.366695373,0.10154125,0.06615625,0.08450625,1.4714,0.008780498,0.007253148,0.00919062,0.031112698,0.00620875,0.00512875,0.00649875,0.022,2,2,2,2,2,0.782856298,0.12089544,0.651520934,0.090974432,0.832235668,0.115634243,0.044961431,0.005020261,0.057432547,0.006363134,0.069009957,0.006143265,19.50666667,0.099485342,0.7527736580467953,0.1487960111405958,0.5294043567801119,1.0138889298906286
FT_1038,51.9,6.540511111,66.17647059,10063,-4.462898048,0.016194649,-9.049506207,0.037329613,6,6,0.123210573,-24.22362422,1.486938492,16.63099347,3.610862745,-6.425182222,0.367204323,0.08632875,0.0540575,0.0750775,1.2652,0.00842341,0.006134151,0.012264767,0.064205296,0.00595625,0.0043375,0.0086725,0.0454,2,2,2,2,2,0.720022643,0.143216524,0.626181892,0.093712237,0.869669722,0.165483243,0.042726446,0.005311114,0.05934042,0.010150894,0.068233283,0.007504385,20.24066667,0.358799851,0.8162745845736358,0.2318437438545241,0.453220726839439,1.211983794456994
FT_1054,52.7,6.591949153,63.10679612,7320,-5.138429105,0.01220519,-9.179840987,0.047486489,6,6,0.152086494,-24.32142924,0.549604252,14.42218343,3.52008973,-6.478167374,0.367781155,0.10036875,0.06626125,0.09023125,1.2947,0.005899038,0.001596294,0.015094962,0.03549676,0.00417125,0.00112875,0.01067375,0.0251,2,2,2,2,2,0.734349242,0.12411799,0.660178093,0.041934117,0.898997447,0.159406571,0.051178845,0.001867896,0.069692786,0.01181458,0.077522785,0.005027658,18.714,0.094026592,0.6391461853963973,0.1240568974533264,0.4480219662626479,0.853800401145543
FT_1070,53.5,6.641847458,47.54901961,7672,-5.781125319,0.02754935,-8.87850431,0.017784825,6,6,0.17430842,-24.57386882,0.249199655,12.27949151,3.432033898,-6.476813557,0.367781155,0.09178,0.04919125,0.082325,1.1974,0.006873078,0.003374667,0.004879037,0.046386205,0.00486,0.00238625,0.00345,0.0328,2,2,2,2,2,0.597525053,0.05417011,0.535969165,0.05443281,0.896981913,0.08566241,0.041081719,0.003236627,0.068753132,0.004867957,0.076649407,0.006462549,17.72466667,0.156308456,0.5138662225314299,0.0929784494522722,0.3689709691948916,0.6745695686069317
FT_1086,54.3,6.691745763,41.81818182,7274,-6.490788297,0.020659138,-9.346063923,0.028052926,6,6,0.122385759,-23.94934878,0.082253039,13.6031568,3.975391954,-6.210689264,0.367781155,0.10028875,0.057325,0.100975,1.3236,0.008168851,0.004659834,0.018130218,0.111440029,0.00577625,0.003295,0.01282,0.0788,2,2,2,2,2,0.567714781,0.111893827,0.571599506,0.065777119,1.006842742,0.198512527,0.043309912,0.005068643,0.076288154,0.015128827,0.075769681,0.008876178,19.551,0.565249502,0.3627182017946601,0.0835847786987451,0.2334524399357571,0.5079398035538348
FT_1099,54.95,6.732288136,50.46728972,7136,-3.921392268,0.031424513,-9.542539277,0.050393452,6,6,0.182595049,-24.84828919,0.485440067,16.28908901,4.710222465,-6.071410412,0.367781155,0.09905,0.04671875,0.081209375,1.25,0.0,0.0,0.0,0.0,0.0,0.0,0.0,0.0,2,2,2,2,2,0.575287644,0.0,0.471668349,0.0,0.819882635,0.0,0.037375,0.0,0.0649675,0.0,0.07924,0.0,28.78566667,0.540187313,0.9805242105069868,0.1874922093139329,0.7041404468607029,1.3123990212886711
FT_1102,55.1,6.741644068,43.80952381,8307,-6.506287832,0.009137833,-9.578702668,0.043847083,6,6,0.186447259,-24.64648834,0.396429618,16.90891951,4.879798733,-6.080098063,0.367781155,0.08258125,0.0489825,0.07693375,1.1675,0.002123088,0.001127835,0.001391233,0.007495332,0.00150125,0.0007975,0.00098375,0.0053,2,2,2,2,2,0.63668416,0.01864057,0.593143117,0.020470915,0.931612806,0.02928245,0.041955032,0.001002874,0.065896146,0.001264502,0.070733405,0.001874333,25.442,0.069346954,0.4781222275273063,0.1115550852858356,0.3092634146522177,0.6725347141714175
FT_1118,55.9,6.791542373,45.19230769,6562,-6.311127017,0.030994623,-9.375727029,0.031757939,6,6,0.127608077,-24.71396725,0.184010385,20.21468221,5.784205511,-6.126432204,0.367781155,0.0927375,0.05422625,0.09316625,1.1887,0.000590434,0.001023537,0.019182039,0.098287843,0.0004175,0.00072375,0.01356375,0.0695,2,2,2,2,2,0.582037487,0.120338479,0.5847284,0.011647877,1.004623265,0.206941185,0.045618112,0.003868973,0.078376588,0.017389662,0.0780159,0.006469852,26.87433333,0.093361305,0.5812616321960998,0.1374971064292217,0.378665310130318,0.8262157609777664
FT_1133,56.65,6.838322034,28.84615385,6376,-4.983500157,0.035886859,-8.951444618,0.022313673,6,6,0.14496094,-24.38874587,0.198695873,21.88624294,5.918290958,-6.16987046,0.367781155,0.0812075,0.04926625,0.0817525,1.0812,0.002513765,0.001062428,0.003425932,0.077498903,0.0017775,0.00075125,0.0024225,0.0548,2,2,2,2,2,0.602626831,0.02840141,0.606671182,0.022887285,1.006711203,0.052448851,0.045566269,0.003410742,0.075612745,0.006278111,0.075108676,0.005864263,28.80333333,0.315949891,0.8473558751036085,0.1964317136349061,0.5670192280358954,1.2010784390588898
FT_1166,58.3,6.947,61.5,6709,-7.502424632,0.008936815,-9.938659467,0.035216,6,6,0.060882973,-24.45900285,0.345290674,20.7,3.8,-6.119730769,0.367781155,0.12956,0.0805525,0.10034,1.53055,0.017387756,0.003461288,0.020279822,0.040969767,0.012295,0.0024475,0.01434,0.02897,2,2,2,2,2,0.802795495,0.16588024,0.621738963,0.08761374,0.774467428,0.18789445,0.052629774,0.002664382,0.065558133,0.013365726,0.084649309,0.01158423,19.941,0.179774859,0.3872413117430909,0.0888082512532685,0.2496023219109486,0.5407105311480898
FT_1178,58.9,7.019,55.88235294,8396,-7.477425381,0.012372011,-9.742682988,0.03521032,6,6,0.040267247,-24.35576008,2.110770779,20.7,3.8,-6.061576923,0.367781155,0.131715,0.0868625,0.104665,1.59245,0.001555635,0.003022881,0.016496801,0.049935881,0.0011,0.0021375,0.011665,0.03531,2,2,2,2,2,0.829909712,0.133956949,0.659473105,0.024235828,0.79463235,0.12559732,0.054546454,0.002555204,0.065725768,0.010562417,0.082712173,0.002771547,17.181,1.092232118,0.3778761445250972,0.2118590412842336,0.0357598649259058,0.7313222165268172
FT_1189,59.45,7.085,48.51485149,7073,-6.544453355,0.034500242,-9.285071243,0.028074306,6,6,0.094159681,-25.20305748,0.663702833,20.7,3.8,-6.008269231,0.367781155,0.118485,0.0751175,0.1042725,1.46459,0.008718627,0.004076471,0.004628014,0.020520239,0.006165,0.0028825,0.0032725,0.01451,2,2,2,2,2,0.720396078,0.050504505,0.633983205,0.057965779,0.880048107,0.075625597,0.051289098,0.002874621,0.071195693,0.003313646,0.080899774,0.006059897,18.89633333,0.14142607,0.591541318424453,0.1207385901194971,0.4036399815490152,0.800329224173075
FT_1199,59.95,7.1306,54.0,5619,-6.72808534,0.033278622,-9.453604468,0.023897001,6,6,0.085556492,-25.0098708,0.464757198,20.7,3.8,-5.981135714,0.367781155,0.1173575,0.083585,0.117415,1.41442,0.000611647,0.007657966,0.003415326,0.052325902,0.0004325,0.005415,0.002415,0.037,2,2,2,2,2,0.711876677,0.068429515,0.712225465,0.065358815,1.000489956,0.029565354,0.059094894,0.00583893,0.083012825,0.003906626,0.082972172,0.003099834,19.463,0.104747315,0.541493779833491,0.1060187318326992,0.3786741840005581,0.7244264331186239
FT_1209,60.45,7.173886364,49.00990099,7582,-6.612922586,0.021404828,-8.980301685,0.023627667,6,6,0.084290228,-24.46492905,0.521780541,20.7,3.8,-5.985773539,0.367781155,0.1147825,0.0710675,0.11501,1.44246,0.001658165,0.002202638,0.004058793,0.067090291,0.0011725,0.0015575,0.00287,0.04744,2,2,2,2,2,0.617924528,0.029023005,0.619149261,0.021171777,1.001982009,0.038208645,0.049268264,0.002753685,0.079731847,0.00465508,0.07957413,0.003875486,17.75933333,0.073704364,0.5063847619423247,0.108559180506453,0.3393267870760688,0.6941140099348128
FT_1220,61.0,7.216636364,55.28846154,5921,-6.421095771,0.042949583,-9.17728897,0.026257697,6,6,0.091802224,-24.08803176,0.389189098,20.7,3.8,-5.990353896,0.367781155,0.1132925,0.0670575,0.11755,1.4159,0.004776506,0.00526441,0.006943789,0.021496046,0.0033775,0.0037225,0.00491,0.0152,2,2,2,2,2,0.570459379,0.056046156,0.591897081,0.052744353,1.037579716,0.075300781,0.047360336,0.003786952,0.0830214,0.005063533,0.080014478,0.003585529,24.33833333,0.120138809,0.4963730781006197,0.1040963905677997,0.3356142750507964,0.6771324488904585
FT_1230,61.5,7.2555,52.0,6629,-6.346931625,0.02945788,-9.067796038,0.035863166,6,6,0.111331419,-24.2675,0.123743687,20.7,3.8,-5.994517857,0.367781155,0.10811,0.0614125,0.1092375,1.35611,0.003825448,0.004620943,0.016889245,0.007990307,0.002705,0.0032675,0.0119425,0.00565,2,2,2,2,2,0.562192471,0.096667786,0.568055684,0.047233385,1.010429192,0.160261954,0.045285781,0.00341793,0.080552094,0.012463226,0.079720672,0.002859738,25.17233333,0.169512045,0.5262599256968801,0.0997116396788589,0.3739583201144961,0.7004239062356442
FT_1241,62.05,7.29825,51.36363636,6192,-6.572923946,0.016166838,-9.675256827,0.035370421,6,6,0.059199029,-24.24390063,0.079664672,20.7,3.8,-5.999098214,0.367781155,0.1125525,0.0725775,0.1013125,1.4489,0.005709887,0.0068554,0.011182894,0.079478802,0.0040375,0.0048475,0.0079075,0.0562,2,2,2,2,2,0.71637261,0.104073373,0.644832412,0.069137372,0.900135492,0.109348532,0.050091449,0.005471448,0.069923735,0.008618739,0.077681344,0.005804126,25.20966667,0.117005698,0.4890132477727976,0.094940150076833,0.3440031449073393,0.6541193703595062
FT_1253,62.65,7.343833333,55.76923077,6279,-6.419429161,0.019592516,-9.150457369,0.024221891,6,6,0.11945356,-25.05268147,0.765445096,20.7,3.8,-6.003982143,0.367781155,0.09971,0.0701225,0.092955,1.49301,0.006583164,0.006431136,0.008004449,0.002955706,0.004655,0.0045475,0.00566,0.00209,2,2,2,2,2,0.754370394,0.094901947,0.703264467,0.079472938,0.932253535,0.101157699,0.0469672,0.0043085,0.062260132,0.005362699,0.066784549,0.004411305,24.19666667,0.129403761,0.5959354526272974,0.1288025371104905,0.3954714353914875,0.8187344841606795
FT_1267,63.35,7.3921,67.61904762,6806,-6.798416283,0.038619511,-8.602659395,0.023762716,6,6,0.057295817,-24.6062844,0.607828792,20.7,3.8,-6.009153571,0.367781155,0.1274375,0.0983325,0.116355,1.83182,0.001304612,0.00459973,0.013760298,0.117549431,0.0009225,0.0032525,0.00973,0.08312,2,2,2,2,2,0.845107645,0.107477827,0.771613536,0.036948271,0.913035802,0.108380641,0.05368022,0.004262768,0.063518796,0.008546439,0.06956879,0.00452074,16.22933333,0.290792595,0.4930214921702863,0.1104282185295747,0.3213333087002046,0.682689754171264
FT_1278,63.9,7.446444444,61.21495327,6596,-6.411373616,0.029364378,-9.134833333,0.031845984,6,6,0.136182212,-24.88049949,0.728050119,20.7,3.8,-6.004194445,0.367781155,0.1093375,0.075,0.1117825,1.51195,0.006862471,0.006264966,0.013148651,0.007566043,0.0048525,0.00443,0.0092975,0.00535,2,2,2,2,2,0.67094581,0.096797451,0.685949468,0.071671302,1.022361953,0.136306068,0.049604815,0.004151062,0.07393267,0.008704351,0.072315553,0.004553225,16.054,0.103377947,0.5793202142782209,0.1249651327093876,0.3850309488119829,0.79361274081987
FT_1290,64.5,7.489777778,62.85714286,5751,-6.822689684,0.01602498,-9.0615,0.006024948,6,6,0.101764863,-25.04422222,0.78969704,20.7,3.8,-5.967873015,0.367781155,0.11764,0.07814,0.1088225,1.60382,0.001159655,0.004087077,0.008029198,0.00913582,0.00082,0.00289,0.0056775,0.00646,2,2,2,2,2,0.718050036,0.064941363,0.664229854,0.035353873,0.925046753,0.068858735,0.048721178,0.002563407,0.067852066,0.005021194,0.073349877,0.000835098,16.57766667,0.101214294,0.5300104633253985,0.1219189919298458,0.3409278911746833,0.7388727850705628
