Sample ID,Depth(m),Age(Ma),Xlf,Ampl  46,d13Cc,d13Cc_std,d18Oc,d18Oc_std,d13Cc_n,d18Oc_n,Cal%,d13Co,d13Co_std,Temperature,Temperature_std,d13Ca,d13Ca_std,aAl,aFe,aSi,fFe,aAl_std,aFe_std,aSi_std,fFe_std,aAl_sem,aFe_sem,aSi_sem,fFe_sem,aAl_n,aFe_n,aSi_n,fFe_n,n_measurements_max,aFe/aSi,aFe/aSi_std,aFe/aAl,aFe/aAl_std,aSi/aAl,aSi/aAl_std,aFe/fFe,aFe/fFe_std,aSi/fFe,aSi/fFe_std,aAl/fFe,aAl/fFe_std,D,D_std,R,R_std,R_90_low,R_90_high
FT_164,8.2,2.221833333,69.0,5054,-2.789125186,0.026058908,-8.972990257,0.038745322,6,6,0.156167609,-24.495,0.077781746,19.9,3.2,-6.606750021,0.210625633,0.1015,0.068025,0.0790275,1.12784,0.003535534,3.54e-05,0.011352599,0.013237039,0.0025,2.5e-05,0.0080275,0.00936,2,2,2,2,2,0.860776312,0.123654583,0.670197044,0.023347469,0.778596059,0.115089394,0.060314406,0.000708582,0.070069779,0.010099328,0.089995035,0.003307946,40.89133333,0.091522311,1.3708376442401404,0.1996134410517922,1.0842244202816231,1.7293480454773935
FT_187,9.35,2.589826923,60.0,7155,-2.376150776,0.023010143,-8.837826317,0.024790455,6,6,0.08862869,-22.49076428,1.154590643,19.9,3.2,-6.414512824,0.209761515,0.1055,0.0738425,0.0744075,1.1456,0.010606602,0.00870802,0.003666349,0.028849957,0.0075,0.0061575,0.0025925,0.0204,2,2,2,2,2,0.992406679,0.126836723,0.69992891,0.108464938,0.70528436,0.078965106,0.06445749,0.007772665,0.064950681,0.003594136,0.09209148,0.0095446,33.76066667,0.330151985,1.1368104447583876,0.2822379338315681,0.7074242470094922,1.6252935200252645
FT_199,9.95,2.625134615,75.98039216,10801,-2.193495428,0.0223398,-8.265504528,0.044112357,6,6,0.051933859,-22.83474794,1.021453883,19.9,3.2,-6.413528858,0.211246201,0.11,0.0877125,0.072135,1.36765,0.0,0.0018208,0.00443356,0.051689506,0.0,0.0012875,0.003135,0.03655,2,2,2,2,2,1.215949262,0.078882211,0.797386364,0.016552727,0.655772727,0.040305087,0.064133733,0.002765452,0.052743758,0.003805597,0.080429935,0.003039801,32.82366667,0.094579772,1.2737319591802527,0.2841212858693415,0.8480111426293853,1.7709496327945886
FT_207,10.35,2.648673077,28.71287129,7420,-2.623635441,0.021311186,-8.623830634,0.023172541,6,6,0.238051561,-23.06407038,0.93269604,19.9,3.2,-6.153105771,0.211044541,0.062,0.0341775,0.039835,0.93695,0.004242641,0.000251023,0.00966615,0.058053467,0.003,0.0001775,0.006835,0.04105,2,2,2,2,2,0.857976654,0.208287408,0.55125,0.037938524,0.6425,0.161986371,0.0364774,0.002275965,0.042515609,0.010647622,0.066172154,0.006108543,39.08333333,0.175972536,1.093801903750156,0.2278772062181734,0.7469043175114205,1.4905650336700509
FT_213,10.65,2.666326923,26.5,7908,-2.322878568,0.026237378,-8.578666667,0.072610376,6,6,0.154506538,-23.23606221,0.86612766,19.9,3.2,-6.316317309,0.210284662,0.06558,0.051633125,0.0456015,1.04,0.0,0.0,0.0,0.0,0.0,0.0,0.0,0.0,2,2,2,2,2,1.132268127,0.0,0.78733036,0.0,0.695356816,0.0,0.049647236,0.0,0.043847596,0.0,0.063057692,0.0,31.49133333,0.161339187,1.2720800379463475,0.2525718264508055,0.8938533959007612,1.7179614705994088
FT_216,10.8,2.675153846,27.47747748,6295,-2.580638105,0.050649449,-8.529999193,0.055237668,6,6,0.158683825,-23.32205812,0.83284347,19.9,3.2,-6.351115381,0.209726444,0.0715,0.0445625,0.04999,1.02169,0.000707107,0.002032932,0.002814285,0.070300556,0.0005,0.0014375,0.00199,0.04971,2,2,2,2,2,0.891428286,0.064593272,0.623251748,0.02909304,0.699160839,0.039963338,0.043616459,0.003600861,0.048928736,0.004349955,0.069982089,0.004864817,32.10233333,0.107983023,1.1920383155282626,0.2342293639439989,0.8416467950590022,1.6031788284205315
FT_232,11.6,2.722230769,81.77570093,6562,-2.097326723,0.030487702,-7.665162507,0.028301355,6,6,0.03293647,-23.54657378,0.657208078,19.9,3.2,-6.361243596,0.210852623,0.132,0.1017725,0.1012275,1.51818,0.004242641,0.005978588,0.008163548,0.070173277,0.003,0.0042275,0.0057725,0.04962,2,2,2,2,2,1.005383912,0.100310095,0.771003788,0.051628416,0.766875,0.066575895,0.067035859,0.005010859,0.066676876,0.006197786,0.086946212,0.004894947,20.022,0.211575046,1.44082755286996,0.2568079858330122,1.065956125082325,1.899552922691559
FT_241,12.05,2.748711538,141.2621359,8844,-5.290920648,0.017221111,-8.528666667,0.042758235,6,6,0.032700448,-22.80951234,0.565346739,19.9,3.2,-6.507817289,0.212570143,0.16756,0.15,0.101733,1.99,0.0,0.0,0.0,0.0,0.0,0.0,0.0,0.0,2,2,2,2,2,1.474447819,0.0,0.895201719,0.0,0.60714371,0.0,0.075376884,0.0,0.051122111,0.0,0.084201005,0.0,20.026,0.169008876,0.4377489950770621,0.1049257597243997,0.275220307055405,0.6197239302297203
FT_265,13.25,2.819326923,81.0,7640,-3.999369827,0.045758788,-8.536166899,0.026453103,6,6,0.237480368,-22.95649756,0.645020691,19.8159699,3.17479097,-6.065961538,0.209828735,0.104,0.06383,0.08092,1.09644,0.0,0.00165463,0.001527351,0.021156635,0.0,0.00117,0.00108,0.01496,2,2,2,2,2,0.788803757,0.025293829,0.61375,0.015909903,0.778076923,0.014686064,0.05821568,0.001881276,0.073802488,0.0019921,0.094852432,0.001830249,19.48166667,0.215370224,0.6772795900824164,0.1354723003594851,0.4685107909962177,0.9126464454592186
FT_275,13.75,2.84875,60.45454545,6190,-3.6641556,0.021200629,-8.814,0.046963816,6,6,0.178438807,-22.78659722,0.642551191,19.68804348,3.136413043,-6.054791667,0.211182877,0.10228,0.06800125,0.064628875,1.22,0.0,0.0,0.0,0.0,0.0,0.0,0.0,0.0,2,2,2,2,2,1.052180624,0.0,0.664853833,0.0,0.631881844,0.0,0.05573873,0.0,0.052974488,0.0,0.083836066,0.0,22.97266667,0.020231988,0.7284597429400886,0.1430359995570776,0.5098534096269167,0.9766355674406004
FT_285,14.25,2.878173077,79.20792079,9491,-3.672891036,0.020143651,-8.826335029,0.095878395,6,6,0.171196895,-22.59524344,0.667340966,19.56011706,3.098035117,-6.232860577,0.210647066,0.1195,0.0784925,0.0935525,1.30493,0.003535534,0.003546141,0.000781353,0.042242559,0.0025,0.0025075,0.0005525,0.02987,2,2,2,2,2,0.839020871,0.038547648,0.656841004,0.035471809,0.782866109,0.024067132,0.060150736,0.00334309,0.071691585,0.002396764,0.091575793,0.004016045,21.013,0.08606393,0.7130401810068852,0.1467904830812092,0.4880454389063635,0.9668433810918324
FT_291,14.55,2.895826923,83.16831683,7513,-3.814482623,0.013995237,-9.371,0.029353024,6,6,0.176255855,-22.39695687,0.581806285,19.4833612,3.075008361,-6.22853205,0.210572052,0.11306,0.068675,0.074,1.2175,0.0,0.0,0.0,0.0,0.0,0.0,0.0,0.0,2,2,2,2,2,0.928040541,0.0,0.607420838,0.0,0.654519724,0.0,0.056406571,0.0,0.060780287,0.0,0.092862423,0.0,22.844,0.15478695,0.6480658722829533,0.1314386728800622,0.4469640280423818,0.8769541288968976
FT_303,15.15,2.931134615,72.0,6887,-2.641958008,0.028498538,-8.970169088,0.034591425,6,6,0.17524728,-22.24281135,0.445024501,19.3298495,3.02895485,-6.099621795,0.210624659,0.1075,0.0671725,0.085785,1.17606,0.009192388,0.006827116,0.010203551,0.02423962,0.0065,0.0048275,0.007215,0.01714,2,2,2,2,2,0.783033164,0.122507282,0.624860465,0.082995612,0.798,0.116899697,0.057116559,0.005923237,0.072942707,0.008805341,0.091406901,0.008040103,23.77033333,0.203573901,0.919819866640388,0.15909016962131,0.6830762861753953,1.202202040030726
FT_313,15.65,2.960557692,52.47524752,8302,-2.637198708,0.018938497,-9.001166667,0.039504008,6,6,0.151883148,-22.29747438,0.400593602,19.20192308,2.990576923,-6.191850955,0.209768822,0.0813,0.059875625,0.062168625,1.0625,0.0,0.0,0.0,0.0,0.0,0.0,0.0,0.0,2,2,2,2,2,0.963116443,0.0,0.736477552,0.0,0.764681734,0.0,0.056353529,0.0,0.058511647,0.0,0.076517647,0.0,26.21533333,0.334470228,0.9395466994232128,0.1585724110777318,0.7056876877322455,1.220772110177026
FT_324,16.2,2.992923077,54.12844037,8471,-3.268917279,0.049446604,-8.72533452,0.023140153,6,6,0.116689064,-22.35760371,0.351719613,19.06120401,2.948361204,-6.321999999,0.211604707,0.107,0.0682425,0.0873575,1.23396,0.001414214,0.00248548,0.002322846,0.043331504,0.001,0.0017575,0.0016425,0.03064,2,2,2,2,2,0.781186504,0.035227483,0.637780374,0.024710995,0.816425234,0.024242769,0.055303657,0.002797967,0.070794434,0.003118295,0.086712697,0.003253527,29.422,0.316600695,0.7752692447557846,0.1305174331323941,0.5806211138167487,1.0068003257405471
FT_339,16.95,3.037057692,91.66666667,5602,-4.587561857,0.035134029,-9.875391014,0.037771683,6,6,0.093098911,-22.40333988,0.385538971,19.16214285,2.940329669,-6.431144222,0.209726444,0.14722,0.12611125,0.103319875,1.5875,0.0,0.0,0.0,0.0,0.0,0.0,0.0,0.0,2,2,2,2,2,1.220590424,0.0,0.856617647,0.0,0.701805971,0.0,0.079440157,0.0,0.065083386,0.0,0.092737008,0.0,19.38533333,0.048500859,0.4937952812052028,0.0972584743337036,0.3453732702109104,0.6637898996263878
FT_341,17.05,3.043181818,92.57425743,9127,-4.5693328,0.015148157,-9.559005391,0.102958244,6,6,0.123151299,-22.38645842,0.454592049,19.38961038,2.975324674,-6.503863637,0.210693562,0.1435,0.0934625,0.1138875,1.54188,0.014849242,0.012073848,0.011472808,0.024494179,0.0105,0.0085375,0.0081125,0.01732,2,2,2,2,2,0.820656349,0.134439026,0.65130662,0.10780332,0.793641115,0.114614724,0.060615936,0.007889587,0.073862752,0.007532741,0.093068202,0.009743434,19.16333333,0.247421368,0.5054426238958839,0.105302528312455,0.3447715616889228,0.6891439217369494
FT_359,17.95,3.100454545,65.0,8563,-3.202421599,0.022473688,-8.875335277,0.031614343,6,6,0.179188693,-22.25627588,0.611735483,21.50801435,3.301555022,-6.175340909,0.209795524,0.1245,0.0831825,0.094695,1.29452,0.016263456,0.011055615,0.008916617,0.032922892,0.0115,0.0078175,0.006305,0.02328,2,2,2,2,2,0.878425471,0.143080638,0.66813253,0.124510868,0.76060241,0.122479699,0.064257408,0.008695272,0.073150666,0.007134792,0.096174644,0.012799199,19.70866667,0.073364387,0.8436783095503116,0.1715651484691647,0.5861193287194777,1.1452781597555213
FT_365,18.25,3.119166667,100.9803922,6591,-3.198513192,0.048975164,-9.296103252,0.019772877,6,6,0.118446184,-22.10376357,0.545577528,21.8379386,3.365570177,-6.189375,0.212639311,0.15614,0.10970375,0.092565,1.465,0.0,0.0,0.0,0.0,0.0,0.0,0.0,0.0,2,2,2,2,2,1.185153676,0.0,0.702598629,0.0,0.592833355,0.0,0.074883106,0.0,0.0631843,0.0,0.106580205,0.0,19.31833333,0.071121961,0.8346174356541829,0.1699289660764815,0.5820517191965408,1.133945083378109
FT_370,18.5,3.134444444,103.4653465,7938,-3.284005929,0.037130401,-9.425093105,0.036853313,6,6,0.120264414,-21.96892628,0.498541737,22.10730993,3.417836256,-6.24777779,0.210401891,0.15965,0.08516,0.08428775,1.455,0.0,0.0,0.0,0.0,0.0,0.0,0.0,0.0,2,2,2,2,2,1.010348479,0.0,0.533416849,0.0,0.527953335,0.0,0.05852921,0.0,0.057929725,0.0,0.109725086,0.0,16.85933333,0.071458613,0.8062048570757038,0.165972956065988,0.5607065710950185,1.1003355836225015
FT_375,18.75,3.149722222,99.53271028,8802,-2.995814683,0.017731328,-9.084912999,0.047391982,6,6,0.210885962,-21.83408899,0.451505943,22.37668128,3.470102338,-6.060972223,0.212723742,0.114,0.065,0.0895,1.26722,0.026870058,0.0,0.004949747,0.011568267,0.019,0.0,0.0035,0.00818,2,2,2,2,2,0.726256983,0.040165236,0.570175439,0.13439164,0.785087719,0.190072537,0.051293382,0.00046825,0.070627042,0.003958844,0.089960701,0.021219838,16.912,0.759717711,0.8543462812412678,0.1718512379378564,0.6032296592978957,1.1618988562821737
FT_391,19.55,3.198611111,92.12962963,9008,-2.985648545,0.015432649,-8.583652971,0.038944405,6,6,0.141956328,-23.03258855,0.485208648,23.23866959,3.637353801,-6.05351852,0.210415963,0.12,0.0645,0.087,1.27679,0.033941125,0.00212132,0.004242641,0.016701862,0.024,0.0015,0.003,0.01181,2,2,2,2,2,0.74137931,0.043607897,0.5375,0.153052279,0.725,0.20808652,0.050517313,0.001788043,0.068139631,0.003440368,0.093985699,0.026611585,19.133,0.133988806,1.087348103930361,0.2033786718842744,0.7924986435617906,1.4499040069370197
FT_405,20.25,3.2585,76.88679245,5801,-3.80283711,0.021200629,-9.001015977,0.027048105,6,6,0.140478967,-22.94518988,0.569272624,24.29460526,3.842236842,-6.08775,0.209726444,0.15161,0.075085,0.0829405,1.4375,0.0,0.0,0.0,0.0,0.0,0.0,0.0,0.0,2,2,2,2,2,0.905287525,0.0,0.495250973,0.0,0.547064837,0.0,0.052233043,0.0,0.057697739,0.0,0.105467826,0.0,17.465,0.20340354,0.8652057099908491,0.1785447810314138,0.6024881812136148,1.181180622675731
FT_406,20.3,3.264,75.74257426,7138,-3.797439689,0.013063945,-8.913104791,0.064427996,6,6,0.138337809,-22.9365503,0.577003879,24.39157895,3.861052632,-6.183,0.210942249,0.1245,0.068,0.091,1.35718,0.030405592,0.004242641,0.0,0.025484128,0.0215,0.003,0.0,0.01802,2,2,2,2,2,0.747252747,0.046622425,0.546184739,0.137674239,0.730923695,0.178507368,0.050103892,0.003264575,0.067050797,0.001259031,0.091734331,0.022469628,19.52933333,0.166163574,0.8810773185363411,0.1833433154624029,0.6129360258105943,1.206801794489012
FT_415,20.75,3.3135,75.0,7051,-3.703277916,0.011794066,-9.090412195,0.03434385,6,6,0.121607449,-22.85879412,0.646585181,25.26434211,4.030394737,-6.1275,0.209726444,0.1165,0.0755525,0.10471,1.37951,0.010606602,0.005023994,0.005246732,0.020209112,0.0075,0.0035525,0.00371,0.01429,2,2,2,2,2,0.721540445,0.060076866,0.648519313,0.073115444,0.898798283,0.093404606,0.054767635,0.003729198,0.075903763,0.003962544,0.084450276,0.00778757,21.14633333,0.063319297,0.9223767691998924,0.2030829960425223,0.6258837495210215,1.2833678808106133
FT_424,21.2,3.355,73.18181818,7373,-3.830604632,0.045971368,-9.14740386,0.026853305,6,6,0.137435715,-22.90231429,0.763189505,25.99605263,4.172368421,-6.191652893,0.21135924,0.123,0.08372,0.1121175,1.45204,0.018384776,0.009503515,0.018550946,0.016913994,0.013,0.00672,0.0131175,0.01196,2,2,2,2,2,0.746716614,0.14983298,0.680650407,0.127750232,0.91152439,0.203247795,0.057656814,0.006579309,0.077213782,0.012807403,0.08470841,0.012699733,16.25033333,0.822254421,0.927093663395088,0.2185957313552877,0.6052688691381053,1.313621860428139
FT_433,21.65,3.3925,60.55045872,8133,-3.854270069,0.010616026,-9.275385144,0.014124447,6,6,0.160097785,-22.96428625,0.927394519,26.65723684,4.300657895,-6.194132231,0.213808435,0.1225,0.084585,0.110935,1.48826,0.016263456,0.009312596,0.015464425,0.012360227,0.0115,0.006585,0.010935,0.00874,2,2,2,2,2,0.762473521,0.135441643,0.690489796,0.11909187,0.905591837,0.174331876,0.056834827,0.00627515,0.074540067,0.010409368,0.082310887,0.010949193,18.953,0.190031576,0.9544993273867666,0.2429890315903216,0.5953081207700726,1.3820883282617846
FT_443,22.15,3.434166667,70.75471698,10086,-3.097855077,0.03107035,-9.471089486,0.057492318,6,6,0.123992098,-21.89286124,0.758102602,27.39188597,4.443201756,-6.196887052,0.216529763,0.15482,0.088,0.11,1.4975,0.0,0.0,0.0,0.0,0.0,0.0,0.0,0.0,2,2,2,2,2,0.8,0.0,0.568402015,0.0,0.710502519,0.0,0.058764608,0.0,0.07345576,0.0,0.103385643,0.0,18.58233333,0.603663262,1.0661221126658815,0.2848882366943273,0.6645512754439981,1.5784458500406735
FT_451,22.55,3.4675,72.81553398,7255,-3.284133033,0.018672618,-9.153402983,0.018382056,6,6,0.138061769,-21.44727,0.869955067,27.97960526,4.557236842,-6.199090909,0.218706825,0.132,0.0837275,0.1240475,1.4893,0.021213203,0.009514122,0.022694592,0.007495332,0.015,0.0067275,0.0160475,0.0053,2,2,2,2,2,0.67496322,0.145365252,0.634299242,0.124843681,0.939753788,0.228840081,0.056219365,0.006394581,0.083292486,0.015244194,0.088632243,0.014250724,17.73766667,0.091571466,0.9429542462742888,0.2789334341420735,0.5454274485547077,1.4413393888595996
FT_461,23.05,3.509166667,55.5,6061,-2.950483706,0.02911815,-9.430862407,0.031931176,6,6,0.200772979,-22.94976291,0.789571581,19.54722212,3.627777767,-6.20184573,0.221428153,0.112,0.072,0.0865,1.35136,0.0,0.001414214,0.003535534,0.049836886,0.0,0.001,0.0025,0.03524,2,2,2,2,2,0.832369942,0.037746145,0.642857143,0.012626907,0.772321429,0.031567267,0.053279659,0.002226215,0.06400959,0.003523834,0.08287947,0.003056517,18.60466667,0.248966531,0.9627836100016944,0.2048556421714115,0.6570705898092782,1.3216141077469736
FT_470,23.5,3.546666667,77.5,9422,-4.111756687,0.019514097,-8.89127465,0.037638633,6,6,0.152663548,-22.10173197,0.575387638,19.61428572,3.626190476,-6.204325069,0.223877348,0.134,0.090625,0.1201675,1.50683,0.002828427,0.002298097,0.000236881,0.0047659,0.002,0.001625,0.0001675,0.00337,2,2,2,2,2,0.754155658,0.01918181,0.67630597,0.022313767,0.896772388,0.019011138,0.060142816,0.001536938,0.079748545,0.000297212,0.088928413,0.001898027,20.33833333,0.200335552,0.5458826014266286,0.1308884405312165,0.3475220988310117,0.7750313911896479
FT_479,23.95,3.588823529,81.5,9031,-4.439467063,0.015065413,-9.234382883,0.010557778,6,6,0.096761171,-21.82701683,0.741671492,19.97563025,3.656302521,-6.207112299,0.226630691,0.1585,0.09843,0.162265,1.63616,0.00212132,0.002022325,0.007445834,0.011087434,0.0015,0.00143,0.005265,0.00784,2,2,2,2,2,0.606600314,0.030497801,0.621009464,0.015227463,1.023753943,0.048934258,0.060159153,0.001301513,0.099174286,0.004600155,0.096873166,0.001453243,20.348,0.20711591,0.4542799394580647,0.135755464056825,0.2453897588832046,0.6895975102118828
FT_481,24.05,3.606470588,74.0,13859,-3.842958446,0.010745542,-9.12778316,0.054623865,6,6,0.079457872,-21.83184371,0.665612651,20.12689075,3.668907563,-6.208279047,0.227783253,0.15383,0.08786125,0.088795,1.615,0.0,0.0,0.0,0.0,0.0,0.0,0.0,0.0,2,2,2,2,2,0.989484205,0.0,0.571158097,0.0,0.577228109,0.0,0.054403251,0.0,0.054981424,0.0,0.095250774,0.0,28.946,0.229187696,0.5808651492333264,0.1481546512277031,0.3553127280872197,0.8392406978397166
FT_488,24.4,3.668235294,79.04761905,9711,-3.886600577,0.01492202,-8.808187847,0.03772223,6,6,0.097919748,-21.55775814,0.61081336,20.65630252,3.71302521,-6.212362664,0.231817221,0.158,0.1102975,0.1456375,1.64607,0.002828427,0.000993485,0.01645791,0.101441539,0.002,0.0007025,0.0116375,0.07173,2,2,2,2,2,0.757342717,0.0858557,0.698085443,0.013989488,0.921756329,0.105462846,0.067006567,0.004173255,0.088475885,0.01138839,0.095986197,0.006159807,17.691,0.118823398,0.547206407637479,0.1438483128474094,0.3306593148234805,0.798835763707795
FT_495,24.75,3.73,80.5,8120,-4.200428078,0.046119049,-9.255606438,0.018980692,6,6,0.11860312,-22.17386455,0.874849211,21.18571429,3.757142857,-6.216446281,0.235851189,0.15879,0.11,0.12,1.805,0.0,0.0,0.0,0.0,0.0,0.0,0.0,0.0,2,2,2,2,2,0.916666667,0.0,0.692738837,0.0,0.755715095,0.0,0.060941828,0.0,0.066481994,0.0,0.087972299,0.0,17.598,0.044395946,0.5799868115465615,0.1659643023196789,0.3241295171306088,0.8676573578867985
FT_505,25.25,3.818235294,69.90291262,7718,-4.690982146,0.021322914,-9.343223462,0.026925205,6,6,0.108590323,-22.51064303,0.627673212,21.55882353,3.754621849,-6.222280019,0.241614001,0.152,0.110455,0.15697,1.72694,0.002828427,0.000770746,0.002786001,0.019318157,0.002,0.000545,0.00197,0.01366,2,2,2,2,2,0.703669491,0.013419715,0.726677632,0.014441551,1.032697368,0.026556067,0.063959952,0.000843267,0.090894878,0.001906948,0.088016955,0.001910991,17.95266667,0.081002058,0.5323122137305208,0.1325429000514184,0.3314510935598213,0.7643356063264701
FT_511,25.55,3.871176471,88.57142857,8051,-5.10967392,0.021257156,-9.487233048,0.044368532,6,6,0.116961976,-23.25891767,0.837437423,21.29411765,3.669537814,-6.225780263,0.245071688,0.1415,0.11025,0.1293575,1.83595,0.014849242,0.013081475,0.016061931,0.082943625,0.0105,0.00925,0.0113575,0.05865,2,2,2,2,2,0.852289199,0.146375393,0.779151943,0.123419351,0.914187279,0.148622753,0.060050655,0.007624187,0.070458073,0.009309654,0.077071816,0.008805688,17.88933333,0.05101307,0.5387679909974625,0.1410512104309572,0.3205508560519548,0.7826519784960917
FT_517,25.85,3.924117647,84.13461538,7601,-4.857325454,0.015126136,-9.655577587,0.048689835,6,6,0.137003948,-23.31679282,0.807763809,21.02941177,3.584453782,-6.229280506,0.248529375,0.1415,0.1107875,0.1347275,1.86924,0.009192388,0.009598975,0.009514122,0.0050346,0.0065,0.0067875,0.0067275,0.00356,2,2,2,2,2,0.822307992,0.091914261,0.78295053,0.084787921,0.952137809,0.091361276,0.05926874,0.005137709,0.072076084,0.005093535,0.075699215,0.004921939,19.62333333,0.190615669,0.5892409512859429,0.1440733838048565,0.3664881784213834,0.838766044755027
FT_519,25.95,3.941764706,107.7669903,9214,-4.831323895,0.018676188,-9.499900558,0.070590132,6,6,0.092423872,-23.42530926,0.704343014,20.94117647,3.556092437,-6.230447253,0.249681937,0.1505,0.1205825,0.1341275,1.94062,0.012020815,0.013551701,0.017150875,0.066722596,0.0085,0.0095825,0.0121275,0.04718,2,2,2,2,2,0.899013998,0.153046878,0.801212625,0.110468825,0.891212625,0.134364428,0.06213607,0.007302663,0.069115798,0.009151738,0.077552535,0.006743838,20.54833333,0.171447757,0.6052105997633968,0.1351932494912147,0.3980495115765481,0.8385570947525323
FT_527,26.35,4.012352941,105.8823529,10585,-4.543883568,0.017247222,-9.409347936,0.053638606,6,6,0.070618123,-23.46797948,0.426849898,20.5882353,3.442647059,-6.235114244,0.254292186,0.17183,0.1280425,0.12927,2.0375,0.0,0.0,0.0,0.0,0.0,0.0,0.0,0.0,2,2,2,2,2,0.990504371,0.0,0.745169644,0.0,0.752313333,0.0,0.062842945,0.0,0.063445399,0.0,0.084333742,0.0,23.168,0.140545366,0.6613227860944392,0.1208631281281874,0.4794573847414609,0.8729562853022472
FT_529,26.45,4.03,106.5,6061,-4.714391429,0.030130826,-9.384641402,0.016157558,6,6,0.075989334,-23.254635,0.400643216,20.5,3.414285714,-6.236280992,0.255444749,0.142,0.11094,0.13203,1.86249,0.009899495,0.011228856,0.012770348,0.121212244,0.007,0.00794,0.00903,0.08571,2,2,2,2,2,0.840263576,0.117636741,0.781267606,0.096018835,0.929788732,0.110857574,0.05956542,0.007167702,0.070888971,0.008264225,0.07624202,0.007271287,15.565,0.178896618,0.5959177142029894,0.1117962619890724,0.4268048769658539,0.7921267872778127
FT_533,26.65,4.065294118,100.0,11759,-4.101218021,0.007194906,-8.686161127,0.066273424,6,6,0.096598622,-22.98686358,0.453278434,20.32352941,3.357563025,-6.238614487,0.257749873,0.142,0.1146675,0.1376225,1.8692,0.014142136,0.012257696,0.020679338,0.041295036,0.01,0.0086675,0.0146225,0.0292,2,2,2,2,2,0.833203146,0.153647695,0.807517606,0.117979933,0.969172535,0.174712348,0.061345763,0.006696305,0.073626418,0.011182138,0.075968329,0.00774979,15.65733333,0.026388129,0.688915091652402,0.1290049743986664,0.4957334396974267,0.9160548853979452
FT_539,26.95,4.118235294,100.0,8727,-4.482222209,0.025607941,-9.477472114,0.041731283,6,6,0.073017376,-23.31678089,0.853198581,20.05882353,3.272478992,-6.24211473,0.26120756,0.1475,0.1184975,0.14252,1.9541,0.013435029,0.014845707,0.013463313,0.048224682,0.0095,0.0104975,0.00952,0.0341,2,2,2,2,2,0.83144471,0.130459074,0.803372881,0.124437932,0.966237288,0.126795651,0.060640448,0.007743203,0.072933831,0.007121005,0.075482319,0.00712319,16.94133333,0.187203989,0.642019354400518,0.1501636948269155,0.4095534961339944,0.9016296982709958
FT_547,27.35,4.19375,93.2038835,9625,-4.221386009,0.025539512,-9.504471352,0.053147907,6,6,0.10657837,-22.5713806,0.551509707,19.68125,3.151116071,-6.247107438,0.266139566,0.132,0.095243288,0.121841284,1.8047,0.012727922,0.006000915,0.009675036,0.105641753,0.009,0.004243288,0.006841283,0.0747,2,2,2,2,2,0.781699645,0.079238401,0.721540061,0.083109698,0.923040027,0.115298647,0.052775136,0.004538772,0.067513317,0.006660261,0.073142351,0.008250542,17.05733333,0.294002268,0.5897255975186693,0.1221067215038046,0.4039401487157042,0.8032074069686191
FT_549,27.45,4.22125,92.52336449,8125,-4.177552193,0.029473717,-9.590135599,0.020321581,6,6,0.11722945,-22.39643506,0.49413254,19.54375,3.106919643,-6.24892562,0.267935643,0.1315,0.09375394,0.116873268,1.58136,0.013435029,0.006723086,0.009720268,0.124507362,0.0095,0.00475394,0.006873268,0.08804,2,2,2,2,2,0.80218464,0.088092306,0.712957719,0.088992755,0.888770095,0.11708626,0.059286905,0.006313822,0.073906806,0.00846426,0.083156271,0.010725967,16.60866667,0.121631959,0.5734348099411499,0.117015972977577,0.3958770998115361,0.7767503592738262
FT_559,27.95,4.342777778,93.2038835,4098,-4.392396891,0.054919638,-9.907265578,0.048269038,6,6,0.169993071,-23.0873127,1.525063741,18.93611111,2.911607142,-6.256960514,0.275872848,0.15559,0.08900375,0.093306125,1.8075,0.0,0.0,0.0,0.0,0.0,0.0,0.0,0.0,2,2,2,2,2,0.953889683,0.0,0.572040298,0.0,0.5996923,0.0,0.049241355,0.0,0.051621646,0.0,0.086080221,0.0,21.253,0.220061355,0.6037286661980423,0.2155685475386109,0.2600574977010031,0.9688995715646768
FT_561,28.05,4.363888889,84.86238532,11740,-4.156218625,0.012812754,-9.327809674,0.052784152,6,6,0.064344333,-23.08374274,1.523761845,19.12435898,2.90534188,-6.25835629,0.277251654,0.1425,0.105078245,0.132939559,1.67294,0.012020815,0.007181723,0.006985591,0.012247089,0.0085,0.005078245,0.004939559,0.00866,2,2,2,2,2,0.790421194,0.068143451,0.737391193,0.080057969,0.932909186,0.092716511,0.062810528,0.004317431,0.079464631,0.004215966,0.085179385,0.00721245,15.957,0.092244241,0.6594008663127325,0.2256623687266413,0.3008855636820721,1.040298229001474
FT_567,28.35,4.427222222,98.5,8464,-4.463388669,0.021360399,-9.738464744,0.039611867,6,6,0.072091635,-22.95024132,1.007916211,20.14743589,2.929700855,-6.262543618,0.281388072,0.148,0.109711234,0.138269351,1.7514,0.0,0.000408377,0.001033294,0.072690577,0.0,0.000288766,0.000730649,0.0514,2,2,2,2,2,0.793460251,0.006624414,0.741292122,0.002759303,0.934252372,0.006981714,0.06264202,0.002610346,0.078947899,0.003329366,0.084503826,0.00350727,16.36966667,0.753130356,0.601505035499983,0.1608304902265354,0.3491627787765114,0.8754910053809827
FT_574,28.7,4.494,86.57407407,8770,-4.040551469,0.017258814,-9.318456551,0.032519225,6,6,0.1244271,-22.8094793,0.46401581,21.22615385,2.955384615,-6.266958678,0.285749454,0.1395,0.097870986,0.134718737,1.54111,0.003535534,0.001596667,0.012330155,0.062918361,0.0025,0.001129014,0.008718737,0.04449,2,2,2,2,2,0.726483847,0.067539572,0.701584129,0.021146466,0.96572571,0.091714417,0.063506814,0.002792107,0.087416691,0.008760737,0.090519171,0.004349774,16.95133333,0.113957594,0.7069379706900858,0.127699249603303,0.5140277105318274,0.932173905102029
FT_579,28.95,4.529,84.5,8862,-4.134215795,0.02096346,-9.379286694,0.047596919,6,6,0.10877247,-23.15977794,0.540387213,21.79153846,2.968846154,-6.269272727,0.288035369,0.1415,0.092349836,0.131168388,1.49004,0.003535534,0.006576325,0.001176077,0.147021642,0.0025,0.004650164,0.000831612,0.10396,2,2,2,2,2,0.704055584,0.05053236,0.652649018,0.049253659,0.926985074,0.024607875,0.061978092,0.007541666,0.088030112,0.008721683,0.094963894,0.00966581,15.70966667,0.181720481,0.7489608486230868,0.136832155354086,0.5422519738415882,0.9897104841146884
FT_587,29.35,4.585,88.23529412,10018,-4.487873625,0.020755722,-9.236960825,0.046720445,6,6,0.104994839,-23.35823678,0.569342407,22.69615385,2.990384615,-6.272975207,0.291692833,0.133,0.092421559,0.129835797,1.57969,0.008485281,0.002010387,0.01532413,0.097453457,0.006,0.001421559,0.010835797,0.06891,2,2,2,2,2,0.711834186,0.0854306,0.694898936,0.046839959,0.976208996,0.130974729,0.058506136,0.003827128,0.082190681,0.01094594,0.084193734,0.007472007,16.77766667,0.087797115,0.7187551564402457,0.1339078039158449,0.5160189561459038,0.9549099310679574
FT_593,29.65,4.628181818,96.22641509,6606,-5.251854537,0.019068298,-9.810764066,0.031726435,6,6,0.047945696,-23.40989248,0.550979249,23.39370629,3.006993007,-6.275830203,0.294513118,0.1425,0.107341634,0.125213698,1.8143,0.000707107,0.005173712,0.002526213,0.020223254,0.0005,0.003658367,0.001786303,0.0143,2,2,2,2,2,0.857267501,0.044792862,0.753274621,0.036498651,0.878692614,0.018256142,0.059164214,0.002926893,0.06901488,0.001590768,0.078542689,0.000958315,16.85266667,0.134945668,0.5814719719891405,0.114770376888477,0.4062459902950708,0.7816276904489118
FT_597,29.85,4.660909091,95.71428571,8247,-5.315982329,0.026643949,-10.22521299,0.033098338,6,6,0.077397661,-23.44904206,0.537061909,23.92237762,3.01958042,-6.277993989,0.296650598,0.14819,0.10748875,0.10368925,1.8325,0.0,0.0,0.0,0.0,0.0,0.0,0.0,0.0,2,2,2,2,2,1.036643143,0.0,0.725344153,0.0,0.699704771,0.0,0.058656889,0.0,0.056583492,0.0,0.080867667,0.0,20.433,0.095827971,0.5851252786644675,0.113722091024978,0.4113871554080301,0.7825610336367846
FT_599,29.95,4.677272727,96.0,7696,-5.034026646,0.016363577,-9.615440976,0.041069453,6,6,0.045814082,-23.46861686,0.530103239,24.18671328,3.025874126,-6.279075883,0.297719337,0.1695,0.137593908,0.164534797,1.9066,0.003535534,0.009059582,0.013484239,0.033092597,0.0025,0.006406092,0.009534797,0.0234,2,2,2,2,2,0.836260235,0.087913587,0.811763469,0.056066765,0.970706767,0.082089281,0.07216716,0.004914021,0.086297491,0.007229275,0.08890171,0.002412404,23.03333333,0.090467305,0.6529102833831449,0.1229308676453713,0.4661758450752387,0.8680035164317277
FT_606,30.3,4.734545455,95.58823529,10362,-4.435708262,0.018904144,-9.415951438,0.032960583,6,6,0.062211313,-23.52810078,0.485139533,25.11188812,3.047902098,-6.282862509,0.301459926,0.172,0.137548795,0.16234092,1.72788,0.021213203,0.019022877,0.010831576,0.079365665,0.015,0.013451206,0.007659081,0.05612,2,2,2,2,2,0.847283574,0.130102485,0.799702294,0.148188032,0.943842555,0.132348937,0.079605525,0.011600694,0.093953816,0.007610548,0.09954395,0.013100797,22.522,0.254536834,0.8280133203471299,0.1446852451122147,0.6126425557335844,1.0833701755144267
FT_611,30.55,4.775454545,76.85185185,9211,-4.277878872,0.010695794,-9.659438668,0.047508947,6,6,0.161068557,-23.53834697,0.379421323,25.77272727,3.063636363,-6.285567243,0.304131775,0.10697375,0.08181375,0.109715,1.55927,0.002140766,0.003180213,0.013293607,0.052707739,0.00151375,0.00224875,0.0094,0.03727,2,2,2,2,2,0.745693387,0.094887594,0.764802113,0.033437393,1.025625445,0.125953389,0.052469264,0.002702862,0.070363055,0.008851092,0.06860502,0.002694976,25.74833333,0.381694031,0.8945937211607644,0.1500619228994491,0.6743396413021829,1.1609946062985237
FT_617,30.85,4.819285714,85.5,6497,-4.627209573,0.037802998,-10.47050575,0.033192871,6,6,0.124511319,-23.54932504,0.26615181,26.48076923,3.080494505,-6.288465171,0.30699447,0.13111,0.066055625,0.076533125,1.6475,0.0,0.0,0.0,0.0,0.0,0.0,0.0,0.0,2,2,2,2,2,0.863098495,0.0,0.503818359,0.0,0.583732171,0.0,0.040094461,0.0,0.046454097,0.0,0.079581184,0.0,20.96233333,0.029143324,0.8249713206883132,0.1360582785805718,0.6257563617271619,1.0675463425569702
FT_622,31.1,4.851428571,72.0,7022,-4.273681189,0.019294213,-9.54729921,0.024221203,6,6,0.175114357,-23.59510691,0.440894635,26.99999999,3.092857143,-6.290590319,0.30909378,0.09600875,0.06926625,0.09181875,1.49824,0.007419318,0.003226175,0.005453561,0.054814918,0.00524625,0.00228125,0.00385625,0.03876,2,2,2,2,2,0.754380233,0.05694003,0.72145768,0.06509603,0.956358144,0.093212119,0.046231745,0.002738198,0.061284407,0.004275131,0.064081022,0.005478971,26.50866667,0.073799277,0.9475558390762928,0.1648633709269958,0.7076070667674991,1.241279974993539
FT_627,31.35,4.883571429,94.85981308,7410,-4.779849374,0.035695471,-9.464135227,0.040474272,6,6,0.098397211,-23.93386357,0.594150906,27.09169435,3.122093024,-6.292715466,0.31119309,0.11194875,0.08924125,0.10749,1.89355,0.008883029,0.00256503,0.015966471,0.032739044,0.00628125,0.00181375,0.01129,0.02315,2,2,2,2,2,0.830228393,0.125608955,0.797161648,0.067275977,0.960171507,0.161697408,0.04712907,0.00158081,0.056766391,0.00848896,0.059121095,0.004801278,20.9,0.161780716,0.8603159583871761,0.1578734662142946,0.6247661599101201,1.1385974071352871
FT_630,31.5,4.9125,92.59259259,7226,-4.800527663,0.02541653,-9.565488776,0.028004761,6,6,0.088553705,-24.55111349,0.60611437,26.64767442,3.169186047,-6.294628099,0.313082469,0.12959,0.083974375,0.087007375,1.8225,0.0,0.0,0.0,0.0,0.0,0.0,0.0,0.0,2,2,2,2,2,0.965140886,0.0,0.648000424,0.0,0.671405008,0.0,0.046076475,0.0,0.047740672,0.0,0.071105624,0.0,21.42833333,0.161401157,0.9259867757218389,0.1620396167533912,0.6843915307527028,1.2105431026685467
FT_631,31.55,4.92375,107.0754717,5954,-5.074516924,0.017224982,-9.658462289,0.020992856,6,6,0.062293076,-24.79115513,0.610766828,26.475,3.1875,-6.295371901,0.313817227,0.12500125,0.108665,0.11249875,2.09286,0.000220971,0.000205061,0.000899793,0.075151309,0.00015625,0.000145,0.00063625,0.05314,2,2,2,2,2,0.965921844,0.007937807,0.869311307,0.002247814,0.899981,0.007371991,0.051921772,0.001867002,0.053753596,0.001977509,0.059727478,0.002147317,20.26733333,0.395135842,0.882122781760096,0.1533193907332896,0.6521458337961313,1.1538114625889582
FT_659,32.95,5.090576923,113.7254902,7244,-6.018087245,0.058455681,-10.16838905,0.033927373,6,6,0.068634644,-24.80331122,0.49574423,23.91440072,3.459078712,-6.30640178,0.324713005,0.16927,0.10054875,0.10546475,2.2175,0.0,0.0,0.0,0.0,0.0,0.0,0.0,0.0,2,2,2,2,2,0.953387269,0.0,0.594014001,0.0,0.62305636,0.0,0.045343292,0.0,0.047560203,0.0,0.076333709,0.0,17.35666667,0.122712401,0.6160508749423976,0.1116904481695292,0.4469348054095554,0.8113315657499596
FT_662,33.1,5.105,113.0,8555,-5.942852861,0.025404068,-9.928620237,0.050678069,6,6,0.068029777,-24.66293713,0.47846385,23.69302326,3.48255814,-6.307355372,0.325655003,0.1533125,0.1328,0.15798,2.00444,0.010702061,0.016786715,0.007594327,0.081232427,0.0075675,0.01187,0.00537,0.05744,2,2,2,2,2,0.840612736,0.113682849,0.866204647,0.12507973,1.030444354,0.087336931,0.066252919,0.008794648,0.078815031,0.004955479,0.07648645,0.006173736,18.234,0.117987287,0.6097641953339461,0.1110478530154302,0.441948279688649,0.8031656405264221
FT_669,33.45,5.138653846,114.1509434,7695,-6.319060775,0.020588022,-10.0522416,0.036467794,6,6,0.060972707,-24.33539757,0.438142961,23.17647585,3.53734347,-6.30958042,0.327852998,0.16682,0.103183125,0.106561375,2.2175,0.0,0.0,0.0,0.0,0.0,0.0,0.0,0.0,2,2,2,2,2,0.968297613,0.0,0.618529703,0.0,0.638780572,0.0,0.046531285,0.0,0.048054735,0.0,0.075228861,0.0,16.56366667,0.243791578,0.4963561769682372,0.0979640973346844,0.3478416722861367,0.6677305327943867
FT_671,33.55,5.148269231,128.4313725,11856,-6.521854597,0.013991664,-9.709460643,0.046975526,6,6,0.030197437,-24.24181484,0.426622707,23.02889087,3.552996423,-6.310216148,0.328480997,0.16450125,0.14202375,0.151485,2.27856,0.000638164,0.004530787,0.000417193,0.05509776,0.00045125,0.00320375,0.000295,0.03896,2,2,2,2,2,0.937543321,0.030020388,0.863359701,0.027745465,0.920874461,0.004381105,0.062330485,0.002495113,0.066482779,0.00161801,0.072195268,0.001768074,18.01566667,0.437893062,0.4514336304850322,0.0930106206383224,0.3102500254664878,0.6138451235329364
FT_687,34.35,5.225192308,108.4158416,8109,-5.91585278,0.02397012,-9.735126481,0.029471455,6,6,0.083460981,-23.76992862,0.191342894,21.84821109,3.678220036,-6.315301971,0.333504986,0.139545,0.12353625,0.13859625,1.92438,0.001534422,0.001136674,0.012079152,0.038438325,0.001085,0.00080375,0.00854125,0.02718,2,2,2,2,2,0.891339051,0.078115063,0.885278942,0.012692893,0.993201118,0.0872472,0.064195351,0.001411769,0.072021248,0.006439647,0.072514264,0.001653398,19.08933333,0.239366525,0.4743881582031378,0.0905099250243634,0.3401785939543046,0.6345318249443042
FT_699,34.95,5.280416667,94.33962264,6839,-5.433351333,0.024105324,-9.946452994,0.030677353,6,6,0.10127727,-24.5969261,0.684060515,21.00058139,3.768120156,-6.318953168,0.337111792,0.133985,0.10299625,0.13442,1.76916,0.004094148,0.007320323,0.021474833,0.072068323,0.002895,0.00517625,0.015185,0.05096,2,2,2,2,2,0.766227124,0.133979088,0.768714782,0.059470831,1.003246632,0.163183303,0.0582176,0.004769184,0.075979561,0.01252682,0.075733682,0.00385657,18.52933333,0.294510328,0.6378344023621481,0.1322510844861854,0.4366148822435823,0.868497646270897
FT_701,35.05,5.289583333,99.00990099,8070,-5.266661666,0.017944358,-9.658030015,0.047997569,6,6,0.108729772,-24.30540652,0.6520701,20.85988373,3.783042635,-6.319559229,0.337710484,0.15124,0.08109,0.09891775,1.61,0.0,0.0,0.0,0.0,0.0,0.0,0.0,0.0,2,2,2,2,2,0.819771982,0.0,0.536167681,0.0,0.654044896,0.0,0.05036646,0.0,0.061439596,0.0,0.093937888,0.0,20.63866667,0.178550646,0.6327030033945629,0.1318131086520368,0.4325998568383425,0.8622990397139326
FT_712,35.6,5.34,79.24528302,7570,-5.405779582,0.009948199,-9.737777961,0.028589625,6,6,0.115285035,-23.26946549,0.361461354,20.30727273,3.785454545,-6.322892562,0.341003291,0.1152775,0.0848375,0.10939875,1.49924,0.009019147,0.000357089,0.002791304,0.0512511,0.0063775,0.0002525,0.00197375,0.03624,2,2,2,2,2,0.775488751,0.020053985,0.735941532,0.057662278,0.949003492,0.078097204,0.056587004,0.001949019,0.072969471,0.003112649,0.076890625,0.006564978,19.51333333,0.111253464,0.4721617645129614,0.101469502139101,0.3202343982129312,0.6507450418206964
FT_715,35.75,5.35375,54.5,8749,-5.06050695,0.01692828,-9.257076924,0.021609412,6,6,0.104151458,-23.20296452,0.346581832,20.17227273,3.780454545,-6.323801653,0.341901329,0.13495,0.0645,0.087636375,1.345,0.0,0.0,0.0,0.0,0.0,0.0,0.0,0.0,2,2,2,2,2,0.735995755,0.0,0.477954798,0.0,0.649398851,0.0,0.04795539,0.0,0.065157156,0.0,0.100334572,0.0,21.09866667,0.394006768,0.5235364644096876,0.1084077029516738,0.3621802974328339,0.7144323859003104
FT_725,36.25,5.399583333,67.32673267,7549,-5.064115989,0.011285684,-9.676114031,0.03977143,6,6,0.105402681,-22.98129464,0.296983425,19.72227273,3.763787879,-6.326831956,0.344894789,0.12884375,0.087695,0.11934125,1.53391,0.006344516,0.001159655,0.004894947,0.011186429,0.00448625,0.00082,0.00346125,0.00791,2,2,2,2,2,0.734825553,0.031667579,0.680630609,0.034703053,0.926247878,0.05936022,0.05717089,0.000863359,0.07780199,0.003241205,0.083996942,0.004181287,21.877,0.144180443,0.4863945150702271,0.1022854537979193,0.334379182174405,0.6671539635678692
FT_735,36.75,5.445416667,68.81188119,7445,-4.938617117,0.025500327,-9.779942757,0.032453043,6,6,0.08553857,-23.02754139,0.342778162,19.27227272,3.747121212,-6.329862259,0.34788825,0.1317825,0.09537375,0.12593,1.62956,0.017405433,0.000624022,0.007771104,0.009560084,0.0123075,0.00044125,0.005495,0.00676,2,2,2,2,2,0.757355277,0.046998137,0.723720904,0.095704081,0.955589703,0.139307853,0.058527302,0.000514333,0.077278529,0.004790338,0.080869989,0.010691595,19.151,0.277248986,0.5049416038350132,0.1059739769739471,0.3466538728039394,0.6918931574741022
FT_745,37.25,5.49125,50.45454545,10205,-4.174623989,0.028633314,-8.948646313,0.05311748,6,6,0.302837717,-23.5407356,0.581500908,18.82227273,3.730454545,-6.332892562,0.35088171,0.0727,0.04263375,0.07929875,1.00398,0.018151431,0.004527251,0.002717058,0.053711831,0.012835,0.00320125,0.00192125,0.03798,2,2,2,2,2,0.537634578,0.059989455,0.586433975,0.159110886,1.09076685,0.274890559,0.04246474,0.005049255,0.078984392,0.005017918,0.072411801,0.01848986,19.29966667,0.200589963,0.7164585859661758,0.1457192752218801,0.4975071264690667,0.9736464522384934
FT_754,37.7,5.5325,60.0,7959,-4.753285451,0.007788881,-9.587451299,0.022818852,6,6,0.101082898,-23.64328591,0.683769246,18.41727273,3.715454545,-6.335619835,0.353575825,0.1274775,0.0901475,0.13094625,1.48757,0.019427759,0.010532356,0.010159357,0.017578675,0.0137375,0.0074475,0.00718375,0.01243,2,2,2,2,2,0.688431322,0.09655148,0.707164009,0.135798608,1.027210684,0.175666582,0.06060051,0.007116365,0.08802695,0.006908263,0.085695127,0.013099265,20.761,0.126384334,0.5962116722760039,0.134149017459869,0.3924049353490572,0.8300111964668512
FT_765,38.25,5.582916667,55.88235294,6835,-4.649119721,0.01712795,-9.795775387,0.028547621,6,6,0.087669531,-23.62284481,0.587225465,17.92227272,3.697121212,-6.338953168,0.356868631,0.12632375,0.080545,0.13934375,1.40279,0.01709961,0.004313351,0.020090671,0.018087791,0.01209125,0.00305,0.01420625,0.01279,2,2,2,2,2,0.578030949,0.088903869,0.637607734,0.09281753,1.103068505,0.218149199,0.057417718,0.003162712,0.099333293,0.014379096,0.09005179,0.012244892,21.60966667,0.297022446,0.6032456404928835,0.1275082587070991,0.409510683228791,0.82616281238663
FT_775,38.75,5.62875,53.5,8778,-4.528620805,0.013995237,-9.126638415,0.029384803,6,6,0.106418883,-23.56487879,0.439608822,17.47227273,3.680454545,-6.341983471,0.359862091,0.10947125,0.06787375,0.10086,1.30248,0.013390835,0.005824792,0.010776307,0.059227264,0.00946875,0.00411875,0.00762,0.04188,2,2,2,2,2,0.672950129,0.092222215,0.620014387,0.0926452,0.921337794,0.149638885,0.052111165,0.005061092,0.07743689,0.008991837,0.084048316,0.010968432,24.89533333,0.591656432,0.6090782514502009,0.1191412759438323,0.4305194905479507,0.8191067023183627
FT_777,38.85,5.637916667,50.5,8980,-4.444042685,0.020056587,-9.330401679,0.033476858,6,6,0.138688207,-23.55328558,0.410085492,17.38227272,3.677121212,-6.342589532,0.360460784,0.11108,0.05745875,0.0723755,1.3025,0.0,0.0,0.0,0.0,0.0,0.0,0.0,0.0,2,2,2,2,2,0.793897797,0.0,0.517273587,0.0,0.651561937,0.0,0.044114203,0.0,0.055566603,0.0,0.08528215,0.0,22.49233333,0.399905405,0.6229682475007036,0.1186766725138518,0.4454967083773671,0.8319107421705924
FT_783,39.15,5.665416667,43.5,9734,-4.313990943,0.017566066,-9.253347961,0.04192215,6,6,0.18177125,-23.51850597,0.321515506,17.11227272,3.667121212,-6.344407714,0.36225686,0.08704125,0.04654875,0.07896625,1.14176,0.007847118,0.0004826,0.001097783,0.026813489,0.00554875,0.00034125,0.00077625,0.01896,2,2,2,2,2,0.589476517,0.010222813,0.534789539,0.048531179,0.907227895,0.082756932,0.040769295,0.00104659,0.069161864,0.001887471,0.076234279,0.007102179,25.46066667,0.332626417,0.6384993161610927,0.1165589725664568,0.4657965329143521,0.8450818351507802
FT_793,39.65,5.71125,54.09090909,7243,-4.717309765,0.017002941,-9.387850539,0.016869104,6,6,0.088401916,-23.49046061,0.294878324,16.66227273,3.650454545,-6.347438017,0.36525032,0.11727375,0.08224875,0.11693375,1.48045,0.002172586,0.009819945,0.014182794,0.00940452,0.00153625,0.00694375,0.01002875,0.00665,2,2,2,2,2,0.70337905,0.119710494,0.701339814,0.084737267,0.9971008,0.122340083,0.055556588,0.006642464,0.078985275,0.009593187,0.079214935,0.001551395,19.61433333,0.22021429,0.544970273609502,0.1022611103950061,0.3922082502201274,0.7250222744490162
FT_802,40.1,5.7525,57.79816514,9684,-4.969467359,0.023303791,-9.420351161,0.033254574,6,6,0.189598618,-23.60331204,0.519305513,16.25727273,3.635454545,-6.3485,0.367781155,0.10534125,0.0723025,0.10685625,1.35643,0.008533011,0.001870297,0.000995253,0.031437967,0.00603375,0.0013225,0.00070375,0.02223,2,2,2,2,2,0.676633327,0.018602938,0.686364553,0.058364017,1.01438183,0.082709875,0.053303525,0.001851336,0.078777563,0.001967741,0.077660661,0.006543224,20.35733333,0.074594459,0.5039700734088641,0.107528894229655,0.3394764752009296,0.6915416028708455
FT_805,40.25,5.76625,61.0,11051,-4.746358494,0.025089174,-9.851507379,0.083079881,6,6,0.112770551,-23.64093525,0.484470471,16.12227273,3.630454545,-6.34025,0.367781155,0.11793,0.061548125,0.06961125,1.4575,0.0,0.0,0.0,0.0,0.0,0.0,0.0,0.0,2,2,2,2,2,0.884169226,0.0,0.521903884,0.0,0.590276011,0.0,0.042228559,0.0,0.04776072,0.0,0.080912521,0.0,20.01433333,0.113443084,0.5444354382582824,0.1098010257554202,0.3779212967496625,0.7366557542233302
FT_814,40.7,5.8075,56.76567656,8867,-4.906302965,0.026197328,-9.271181636,0.048030893,6,6,0.196904116,-23.7538049,0.379965344,15.71727273,3.615454545,-6.33875,0.367211246,0.080725,0.051855,0.07194875,1.2572,0.000183848,9.9e-05,0.000330572,0.102106219,0.00013,7e-05,0.00023375,0.0722,2,2,2,2,2,0.720721347,0.003585868,0.642366058,0.001908959,0.891282131,0.004570526,0.041246421,0.003350843,0.057229359,0.004655438,0.06421015,0.005217016,22.63066667,0.303078098,0.5202398492649641,0.0999546512279189,0.3693064675780938,0.6961304653023369
FT_824,41.2,5.853333333,60.78431373,7911,-5.121461891,0.021096603,-9.415351066,0.037184226,6,6,0.136269829,-23.87921561,0.263848537,15.30656566,3.595959596,-6.412592593,0.36519194,0.09981375,0.06804625,0.10373375,1.5014,0.004859591,0.002239761,0.007532455,0.022627417,0.00343625,0.00158375,0.00532625,0.016,2,2,2,2,2,0.655970212,0.052297381,0.681732226,0.040064744,1.039273146,0.09085817,0.045321866,0.001640718,0.069091348,0.005123872,0.066480452,0.003388231,22.087,0.272457336,0.4929730663822715,0.090203928384856,0.3569494154155223,0.6515925597114154
FT_834,41.7,5.8995,87.12871287,7860,-5.927766214,0.023757104,-9.762024375,0.021080797,6,6,0.097814972,-24.03792347,0.463766039,15.3975,3.54,-6.386944444,0.366751098,0.10420125,0.0878125,0.0926875,1.7897,0.011863484,0.007357446,0.014379016,0.008909545,0.00838875,0.0052025,0.0101675,0.0063,2,2,2,2,2,0.947403911,0.167040883,0.842720217,0.119125794,0.889504684,0.171166378,0.049065486,0.004118244,0.051789406,0.008038452,0.058222747,0.00663509,24.493,0.30939457,0.3853087131707694,0.0853149775236772,0.2543821262748891,0.532933773473979
FT_839,41.95,5.92325,86.53846154,6016,-5.568644161,0.038935845,-10.38761133,0.039911987,6,6,0.094684494,-23.81994486,0.435802647,15.4442803,3.511212121,-6.37375,0.367553191,0.12889,0.090369375,0.08650575,1.89,0.0,0.0,0.0,0.0,0.0,0.0,0.0,0.0,2,2,2,2,2,1.044663216,0.0,0.701135658,0.0,0.671159516,0.0,0.047814484,0.0,0.045770238,0.0,0.068195767,0.0,22.04733333,0.245063937,0.4152010367310893,0.0883983167337311,0.2797570451438069,0.5699905110018898
FT_845,42.25,5.95175,71.56862745,8001,-5.240256638,0.017625739,-9.45700791,0.018967516,6,6,0.15678116,-24.2624391,0.410928243,15.50041667,3.476666667,-6.53075,0.367781155,0.08946,0.0605675,0.07850375,1.5512,0.005670996,0.003227942,0.006648572,0.073539105,0.00401,0.0022825,0.00470125,0.052,2,2,2,2,2,0.771523653,0.077202269,0.677034429,0.056070652,0.877529063,0.092831875,0.039045578,0.002785091,0.0506084,0.004911908,0.05767148,0.004565155,21.04333333,0.379269473,0.5269362426539177,0.0966967949735835,0.3797120157563281,0.6958379453590676
FT_857,42.85,6.00875,77.45098039,5835,-5.303266651,0.02733252,-9.897254055,0.029209587,6,6,0.106435046,-24.11349424,0.268779286,15.61268939,3.407575758,-6.39125,0.367781155,0.09690125,0.068575,0.0813225,1.4958,0.00972095,0.009050967,0.011338457,0.075236162,0.00687375,0.0064,0.0080175,0.0532,2,2,2,2,2,0.843247564,0.161894683,0.70767921,0.117321456,0.83923066,0.144150628,0.045845033,0.00647541,0.054367228,0.008058368,0.064782224,0.007269951,24.139,0.161055891,0.4937283255915078,0.0854710275285641,0.3649825449663738,0.6439025813812665
FT_868,43.4,6.061,72.5,7698,-4.269769085,0.026412118,-9.419667835,0.031513489,6,6,0.14319548,-24.24681672,0.493667006,15.71560606,3.344242424,-6.465,0.367781155,0.0878825,0.05596375,0.07328,1.3214,0.005759385,0.009788126,0.009079251,0.056002857,0.0040725,0.00692125,0.00642,0.0396,2,2,2,2,2,0.763697462,0.163690057,0.63680198,0.118939311,0.833840639,0.11687334,0.042351862,0.00762176,0.055456334,0.007261799,0.066507114,0.005190552,27.895,0.805823182,0.7145316976263786,0.1234662264256128,0.5277048571090369,0.931404096194318
FT_872,43.6,6.08,72.11538462,5565,-4.408711399,0.012181954,-9.976826051,0.026389392,6,6,0.082431676,-23.47735944,0.403451743,15.7530303,3.321212121,-6.525,0.367781155,0.11217,0.066270625,0.07082925,1.45,0.0,0.0,0.0,0.0,0.0,0.0,0.0,0.0,2,2,2,2,2,0.935639231,0.0,0.590805251,0.0,0.631445574,0.0,0.045703879,0.0,0.048847759,0.0,0.077358621,0.0,29.57566667,0.491484825,0.5938506385291544,0.1091363648272298,0.4294433452344178,0.7854606416320811
FT_881,44.05,6.12275,53.77358491,7032,-4.031731258,0.019718012,-9.456174426,0.040104863,6,6,0.124355166,-23.52329502,0.519928875,15.83723485,3.269393939,-6.589125,0.367781155,0.08216875,0.048705,0.0648975,1.1014,0.003615083,0.002361737,0.004946212,0.016122035,0.00255625,0.00167,0.0034975,0.0114,2,2,2,2,2,0.750491159,0.067794669,0.592743592,0.03880989,0.789807561,0.069505199,0.044220991,0.002239873,0.058922735,0.004572915,0.074603913,0.003459159,32.17966667,0.289275532,0.6871666807111554,0.1281981714117005,0.4931005423730689,0.9131488005669508
FT_895,44.75,6.157166667,36.63366337,7125,-4.38637936,0.023829953,-9.465552534,0.016705289,6,6,0.289088956,-23.56027629,0.613700913,15.90502525,3.227676767,-6.343616667,0.367781155,0.08037,0.03311375,0.047448375,0.985,0.0,0.0,0.0,0.0,0.0,0.0,0.0,0.0,2,2,2,2,2,0.697890075,0.0,0.4120163,0.0,0.590374207,0.0,0.03361802,0.0,0.048170939,0.0,0.081593909,0.0,27.42866667,0.092153857,0.597960145939415,0.120653037691665,0.4128984499792169,0.8072806668915711
FT_914,45.7,6.192,47.5,6569,-4.033556244,0.019815819,-9.275362641,0.06059923,6,6,0.160040478,-23.8614542,0.681463918,16.22666667,3.24,-6.4098,0.367781155,0.10032,0.047195625,0.063429875,1.2075,0.0,0.0,0.0,0.0,0.0,0.0,0.0,0.0,2,2,2,2,2,0.744059877,0.0,0.470450807,0.0,0.632275469,0.0,0.039085404,0.0,0.052529917,0.0,0.083080745,0.0,25.149,0.334514574,0.725497547358195,0.1406803429256493,0.5102327607323789,0.969686897078807
FT_933,46.65,6.226833333,76.73267327,7813,-5.703182863,0.021200629,-8.343161187,0.057164383,6,6,0.029947587,-24.07134976,0.625566138,17.02976851,3.35611111,-6.475983333,0.367781155,0.13561,0.08644375,0.10002175,1.7275,0.0,0.0,0.0,0.0,0.0,0.0,0.0,0.0,2,2,2,2,2,0.864249526,0.0,0.637443773,0.0,0.737569132,0.0,0.050039797,0.0,0.057899711,0.0,0.078500724,0.0,22.917,0.202457403,0.4558258644072667,0.1029050745935821,0.2967235331169365,0.6333832014575541
FT_939,46.95,6.237833333,53.5,6760,-4.766181303,0.049842418,-9.355656279,0.061931414,6,6,0.160424809,-24.13763256,0.607914208,17.28337962,3.392777777,-6.496883333,0.367781155,0.08289125,0.0423425,0.072955,1.2433,0.003392345,0.001127835,0.006130616,0.074811897,0.00239875,0.0007975,0.004335,0.0529,2,2,2,2,2,0.580392022,0.051163442,0.5108199,0.024943252,0.880129085,0.082264502,0.034056543,0.002241053,0.058678517,0.0060647,0.066670353,0.004851637,23.22333333,0.118323004,0.6389522920726326,0.125444808725254,0.4475435874704702,0.8578816183370399
FT_956,47.8,6.269,43.1372549,9800,-3.966720928,0.025345611,-8.965919252,0.049150449,6,6,0.211360546,-23.88246965,0.454213851,18.00194444,3.496666667,-6.507333333,0.367781155,0.0748825,0.0350525,0.06123,1.0619,0.002725897,0.001679379,0.004263854,0.077640325,0.0019275,0.0011875,0.003015,0.0549,2,2,2,2,2,0.572472644,0.048388914,0.468100023,0.028165985,0.817681034,0.064251188,0.033009229,0.002885456,0.057660797,0.005822028,0.070517469,0.005759539,23.384,0.169079863,0.8075026499133567,0.1436996150017076,0.5940311144059688,1.0622272366846954
FT_973,48.65,6.325288889,57.21153846,7728,-4.22505378,0.024276875,-9.054672931,0.048746966,6,6,0.110224256,-23.68686303,0.531735901,19.29971605,3.684296297,-6.348511112,0.367781155,0.09609125,0.05364375,0.09562375,1.2932,0.002112482,7.95e-05,0.00200288,0.078913117,0.00149375,5.63e-05,0.00141625,0.0558,2,2,2,2,2,0.560987725,0.011779538,0.558258426,0.012300709,0.995134833,0.030216926,0.041481403,0.002532008,0.073943512,0.004770557,0.074305019,0.00481949,24.46366667,0.221730317,0.7395631773032891,0.1433179964304522,0.5257346201150842,0.9921795115700618
FT_991,49.55,6.384888889,62.5,8192,-4.043545436,0.028380745,-9.206174612,0.066176783,6,6,0.103439042,-23.92331541,0.484633785,19.85111111,3.780854701,-6.427688889,0.367781155,0.10434625,0.0658625,0.08526625,1.3648,0.0114074,0.0068554,0.011442755,0.06363961,0.00806625,0.0048475,0.00809125,0.045,2,2,2,2,2,0.772433407,0.131185773,0.631191825,0.095277426,0.817147238,0.141442362,0.048257987,0.005504013,0.062475271,0.008875888,0.076455341,0.009086843,23.48033333,0.100041658,0.8424929242451714,0.15816526769177,0.6100345317910677,1.1240532037109146
FT_1007,50.35,6.437866667,52.0,7473,-3.695196087,0.020405882,-9.247175067,0.017915543,6,6,0.170279814,-23.97432499,0.388357939,19.32133333,3.740102564,-6.337626666,0.367781155,0.082265,0.04486,0.07062375,1.181,0.000997021,0.001131371,0.002830195,0.026587215,0.000705,0.0008,0.00200125,0.0188,2,2,2,2,2,0.635197083,0.030076411,0.545310886,0.015258335,0.858490853,0.035942295,0.037984759,0.001284121,0.059799958,0.00274869,0.06965707,0.001780956,25.94466667,0.127020996,0.9132488795957509,0.1618645953940487,0.6770259306259871,1.202899724869531
FT_1018,50.9,6.474288889,73.03921569,7014,-4.495232868,0.023289483,-9.362843017,0.023387319,6,6,0.051980475,-23.31690792,0.438878736,18.95711111,3.71208547,-6.367872223,0.366695373,0.10154125,0.06615625,0.08450625,1.4714,0.008780498,0.007253148,0.00919062,0.031112698,0.00620875,0.00512875,0.00649875,0.022,2,2,2,2,2,0.782856298,0.12089544,0.651520934,0.090974432,0.832235668,0.115634243,0.044961431,0.005020261,0.057432547,0.006363134,0.069009957,0.006143265,19.50666667,0.099485342,0.6235566567909326,0.1257106740355059,0.4357847451285161,0.8457068109008251
FT_1038,51.9,6.540511111,66.17647059,10063,-4.462898048,0.016194649,-9.049506207,0.037329613,6,6,0.123210573,-24.22362422,1.486938492,16.63099347,3.610862745,-6.425182222,0.367204323,0.08632875,0.0540575,0.0750775,1.2652,0.00842341,0.006134151,0.012264767,0.064205296,0.00595625,0.0043375,0.0086725,0.0454,2,2,2,2,2,0.720022643,0.143216524,0.626181892,0.093712237,0.869669722,0.165483243,0.042726446,0.005311114,0.05934042,0.010150894,0.068233283,0.007504385,20.24066667,0.358799851,0.6919506450494546,0.2178631862363835,0.3474329246324377,1.0623733894613057
FT_1054,52.7,6.591949153,63.10679612,7320,-5.138429105,0.01220519,-9.179840987,0.047486489,6,6,0.152086494,-24.32142924,0.549604252,14.42218343,3.52008973,-6.478167374,0.367781155,0.10036875,0.06626125,0.09023125,1.2947,0.005899038,0.001596294,0.015094962,0.03549676,0.00417125,0.00112875,0.01067375,0.0251,2,2,2,2,2,0.734349242,0.12411799,0.660178093,0.041934117,0.898997447,0.159406571,0.051178845,0.001867896,0.069692786,0.01181458,0.077522785,0.005027658,18.714,0.094026592,0.5259709157781041,0.1047530949458109,0.3649666395933709,0.7076457308932845
FT_1070,53.5,6.641847458,47.54901961,7672,-5.781125319,0.02754935,-8.87850431,0.017784825,6,6,0.17430842,-24.57386882,0.249199655,12.27949151,3.432033898,-6.476813557,0.367781155,0.09178,0.04919125,0.082325,1.1974,0.006873078,0.003374667,0.004879037,0.046386205,0.00486,0.00238625,0.00345,0.0328,2,2,2,2,2,0.597525053,0.05417011,0.535969165,0.05443281,0.896981913,0.08566241,0.041081719,0.003236627,0.068753132,0.004867957,0.076649407,0.006462549,17.72466667,0.156308456,0.4108166129531652,0.0723516778391858,0.3003515789706372,0.5368072658058611
FT_1086,54.3,6.691745763,41.81818182,7274,-6.490788297,0.020659138,-9.346063923,0.028052926,6,6,0.122385759,-23.94934878,0.082253039,13.6031568,3.975391954,-6.210689264,0.367781155,0.10028875,0.057325,0.100975,1.3236,0.008168851,0.004659834,0.018130218,0.111440029,0.00577625,0.003295,0.01282,0.0788,2,2,2,2,2,0.567714781,0.111893827,0.571599506,0.065777119,1.006842742,0.198512527,0.043309912,0.005068643,0.076288154,0.015128827,0.075769681,0.008876178,19.551,0.565249502,0.2685010764868679,0.0635361443822791,0.1724074343488143,0.379752654838914
FT_1099,54.95,6.732288136,50.46728972,7136,-3.921392268,0.031424513,-9.542539277,0.050393452,6,6,0.182595049,-24.84828919,0.485440067,16.28908901,4.710222465,-6.071410412,0.367781155,0.09905,0.04671875,0.081209375,1.25,0.0,0.0,0.0,0.0,0.0,0.0,0.0,0.0,2,2,2,2,2,0.575287644,0.0,0.471668349,0.0,0.819882635,0.0,0.037375,0.0,0.0649675,0.0,0.07924,0.0,28.78566667,0.540187313,0.8524253356983197,0.1647102460609889,0.6111174680698204,1.1455738893139522
FT_1102,55.1,6.741644068,43.80952381,8307,-6.506287832,0.009137833,-9.578702668,0.043847083,6,6,0.186447259,-24.64648834,0.396429618,16.90891951,4.879798733,-6.080098063,0.367781155,0.08258125,0.0489825,0.07693375,1.1675,0.002123088,0.001127835,0.001391233,0.007495332,0.00150125,0.0007975,0.00098375,0.0053,2,2,2,2,2,0.63668416,0.01864057,0.593143117,0.020470915,0.931612806,0.02928245,0.041955032,0.001002874,0.065896146,0.001264502,0.070733405,0.001874333,25.442,0.069346954,0.3812982501857414,0.0947112231254988,0.238770539144984,0.5476103278522972
FT_1118,55.9,6.791542373,45.19230769,6562,-6.311127017,0.030994623,-9.375727029,0.031757939,6,6,0.127608077,-24.71396725,0.184010385,20.21468221,5.784205511,-6.126432204,0.367781155,0.0927375,0.05422625,0.09316625,1.1887,0.000590434,0.001023537,0.019182039,0.098287843,0.0004175,0.00072375,0.01356375,0.0695,2,2,2,2,2,0.582037487,0.120338479,0.5847284,0.011647877,1.004623265,0.206941185,0.045618112,0.003868973,0.078376588,0.017389662,0.0780159,0.006469852,26.87433333,0.093361305,0.4773777868757374,0.1184613316116689,0.3056138815470179,0.6887930074930569
FT_1133,56.65,6.838322034,28.84615385,6376,-4.983500157,0.035886859,-8.951444618,0.022313673,6,6,0.14496094,-24.38874587,0.198695873,21.88624294,5.918290958,-6.16987046,0.367781155,0.0812075,0.04926625,0.0817525,1.0812,0.002513765,0.001062428,0.003425932,0.077498903,0.0017775,0.00075125,0.0024225,0.0548,2,2,2,2,2,0.602626831,0.02840141,0.606671182,0.022887285,1.006711203,0.052448851,0.045566269,0.003410742,0.075612745,0.006278111,0.075108676,0.005864263,28.80333333,0.315949891,0.7215618368109424,0.1721179402209589,0.4784177483473052,1.0321447522684466
FT_1166,58.3,6.947,61.5,6709,-7.502424632,0.008936815,-9.938659467,0.035216,6,6,0.060882973,-24.45900285,0.345290674,20.7,3.8,-6.119730769,0.367781155,0.12956,0.0805525,0.10034,1.53055,0.017387756,0.003461288,0.020279822,0.040969767,0.012295,0.0024475,0.01434,0.02897,2,2,2,2,2,0.802795495,0.16588024,0.621738963,0.08761374,0.774467428,0.18789445,0.052629774,0.002664382,0.065558133,0.013365726,0.084649309,0.01158423,19.941,0.179774859,0.2946321064812543,0.0710011466146883,0.186559669721805,0.4188860303696095
FT_1178,58.9,7.019,55.88235294,8396,-7.477425381,0.012372011,-9.742682988,0.03521032,6,6,0.040267247,-24.35576008,2.110770779,20.7,3.8,-6.061576923,0.367781155,0.131715,0.0868625,0.104665,1.59245,0.001555635,0.003022881,0.016496801,0.049935881,0.0011,0.0021375,0.011665,0.03531,2,2,2,2,2,0.829909712,0.133956949,0.659473105,0.024235828,0.79463235,0.12559732,0.054546454,0.002555204,0.065725768,0.010562417,0.082712173,0.002771547,17.181,1.092232118,0.2854415237298965,0.2052102964988029,-0.0445870644181634,0.6281125175888664
FT_1189,59.45,7.085,48.51485149,7073,-6.544453355,0.034500242,-9.285071243,0.028074306,6,6,0.094159681,-25.20305748,0.663702833,20.7,3.8,-6.008269231,0.367781155,0.118485,0.0751175,0.1042725,1.46459,0.008718627,0.004076471,0.004628014,0.020520239,0.006165,0.0028825,0.0032725,0.01451,2,2,2,2,2,0.720396078,0.050504505,0.633983205,0.057965779,0.880048107,0.075625597,0.051289098,0.002874621,0.071195693,0.003313646,0.080899774,0.006059897,18.89633333,0.14142607,0.4906910791843322,0.1051505279905053,0.328212447788336,0.6716928176501158
FT_1199,59.95,7.1306,54.0,5619,-6.72808534,0.033278622,-9.453604468,0.023897001,6,6,0.085556492,-25.0098708,0.464757198,20.7,3.8,-5.981135714,0.367781155,0.1173575,0.083585,0.117415,1.41442,0.000611647,0.007657966,0.003415326,0.052325902,0.0004325,0.005415,0.002415,0.037,2,2,2,2,2,0.711876677,0.068429515,0.712225465,0.065358815,1.000489956,0.029565354,0.059094894,0.00583893,0.083012825,0.003906626,0.082972172,0.003099834,19.463,0.104747315,0.4436259166714804,0.0896252454858266,0.3071327770199926,0.5993898961920043
FT_1209,60.45,7.173886364,49.00990099,7582,-6.612922586,0.021404828,-8.980301685,0.023627667,6,6,0.084290228,-24.46492905,0.521780541,20.7,3.8,-5.985773539,0.367781155,0.1147825,0.0710675,0.11501,1.44246,0.001658165,0.002202638,0.004058793,0.067090291,0.0011725,0.0015575,0.00287,0.04744,2,2,2,2,2,0.617924528,0.029023005,0.619149261,0.021171777,1.001982009,0.038208645,0.049268264,0.002753685,0.079731847,0.00465508,0.07957413,0.003875486,17.75933333,0.073704364,0.4061167910246901,0.0914133228684335,0.2654943777131671,0.5652280027452001
FT_1220,61.0,7.216636364,55.28846154,5921,-6.421095771,0.042949583,-9.17728897,0.026257697,6,6,0.091802224,-24.08803176,0.389189098,20.7,3.8,-5.990353896,0.367781155,0.1132925,0.0670575,0.11755,1.4159,0.004776506,0.00526441,0.006943789,0.021496046,0.0033775,0.0037225,0.00491,0.0152,2,2,2,2,2,0.570459379,0.056046156,0.591897081,0.052744353,1.037579716,0.075300781,0.047360336,0.003786952,0.0830214,0.005063533,0.080014478,0.003585529,24.33833333,0.120138809,0.3944996753502086,0.085770625649043,0.2643450662158448,0.5447058259371492
FT_1230,61.5,7.2555,52.0,6629,-6.346931625,0.02945788,-9.067796038,0.035863166,6,6,0.111331419,-24.2675,0.123743687,20.7,3.8,-5.994517857,0.367781155,0.10811,0.0614125,0.1092375,1.35611,0.003825448,0.004620943,0.016889245,0.007990307,0.002705,0.0032675,0.0119425,0.00565,2,2,2,2,2,0.562192471,0.096667786,0.568055684,0.047233385,1.010429192,0.160261954,0.045285781,0.00341793,0.080552094,0.012463226,0.079720672,0.002859738,25.17233333,0.169512045,0.424188818905481,0.0791471139311065,0.3062344958854842,0.5633989608023278
FT_1241,62.05,7.29825,51.36363636,6192,-6.572923946,0.016166838,-9.675256827,0.035370421,6,6,0.059199029,-24.24390063,0.079664672,20.7,3.8,-5.999098214,0.367781155,0.1125525,0.0725775,0.1013125,1.4489,0.005709887,0.0068554,0.011182894,0.079478802,0.0040375,0.0048475,0.0079075,0.0562,2,2,2,2,2,0.71637261,0.104073373,0.644832412,0.069137372,0.900135492,0.109348532,0.050091449,0.005471448,0.069923735,0.008618739,0.077681344,0.005804126,25.20966667,0.117005698,0.3895717691354932,0.0752377171996089,0.2777174015141979,0.5226712795818539
FT_1253,62.65,7.343833333,55.76923077,6279,-6.419429161,0.019592516,-9.150457369,0.024221891,6,6,0.11945356,-25.05268147,0.765445096,20.7,3.8,-6.003982143,0.367781155,0.09971,0.0701225,0.092955,1.49301,0.006583164,0.006431136,0.008004449,0.002955706,0.004655,0.0045475,0.00566,0.00209,2,2,2,2,2,0.754370394,0.094901947,0.703264467,0.079472938,0.932253535,0.101157699,0.0469672,0.0043085,0.062260132,0.005362699,0.066784549,0.004411305,24.19666667,0.129403761,0.4938169012705485,0.1131048602678365,0.318725341943036,0.6893928837399885
FT_1267,63.35,7.3921,67.61904762,6806,-6.798416283,0.038619511,-8.602659395,0.023762716,6,6,0.057295817,-24.6062844,0.607828792,20.7,3.8,-6.009153571,0.367781155,0.1274375,0.0983325,0.116355,1.83182,0.001304612,0.00459973,0.013760298,0.117549431,0.0009225,0.0032525,0.00973,0.08312,2,2,2,2,2,0.845107645,0.107477827,0.771613536,0.036948271,0.913035802,0.108380641,0.05368022,0.004262768,0.063518796,0.008546439,0.06956879,0.00452074,16.22933333,0.290792595,0.395409909758317,0.0945128040317351,0.2495699298319864,0.5590122853343501
FT_1278,63.9,7.446444444,61.21495327,6596,-6.411373616,0.029364378,-9.134833333,0.031845984,6,6,0.136182212,-24.88049949,0.728050119,20.7,3.8,-6.004194445,0.367781155,0.1093375,0.075,0.1117825,1.51195,0.006862471,0.006264966,0.013148651,0.007566043,0.0048525,0.00443,0.0092975,0.00535,2,2,2,2,2,0.67094581,0.096797451,0.685949468,0.071671302,1.022361953,0.136306068,0.049604815,0.004151062,0.07393267,0.008704351,0.072315553,0.004553225,16.054,0.103377947,0.4777394227359623,0.1103360474836466,0.307230881133411,0.6691830479549681
FT_1290,64.5,7.489777778,62.85714286,5751,-6.822689684,0.01602498,-9.0615,0.006024948,6,6,0.101764863,-25.04422222,0.78969704,20.7,3.8,-5.967873015,0.367781155,0.11764,0.07814,0.1088225,1.60382,0.001159655,0.004087077,0.008029198,0.00913582,0.00082,0.00289,0.0056775,0.00646,2,2,2,2,2,0.718050036,0.064941363,0.664229854,0.035353873,0.925046753,0.068858735,0.048721178,0.002563407,0.067852066,0.005021194,0.073349877,0.000835098,16.57766667,0.101214294,0.4323937836414557,0.1070696357168414,0.2651942043337601,0.6157534930184702
